address_id,street_address,postal_city,state,zip,year_built,units,use_code,use_description,source_dataset,retrieved_at,legal_city,jurisdiction,jurisdiction_stack,resolution_method,resolution_confidence,census_match,matched_address,lonlat,county
A0001,6238 DE LONGPRE AVE,Los Angeles,CA,90028,1927,32,0500,Five or more apartments,LA County eGIS parcels,2026-10-01T22:50Z,Los Angeles,"Los Angeles, CA",CA > Los Angeles,census_geocoder,0.98,Match,"6238 DE LONGPRE AVE, LOS ANGELES, CA, 90028","-118.324865073863,34.096133031379",Los Angeles County
A0002,1031-1035 CLINTON ST,Hoboken,NJ,07030,2001,,4C,6B-20U-G,NJOGIS Parcels & MOD-IV Composite,2026-10-01T22:50Z,Hoboken,"Hoboken, NJ",NJ > Hoboken,census_geocoder,0.98,Match,"1035 CLINTON ST, HOBOKEN, NJ, 07030","-74.03181724923,40.74981078208",Hudson County
A0003,876-878 S 14TH ST,Newark,NJ,11219,,,4C,4SB,NJOGIS Parcels & MOD-IV Composite,2026-10-01T22:50Z,Newark,"Newark, NJ",NJ > Newark,census_geocoder,0.98,Match,"878 S 14TH ST, NEWARK, NJ, 07108","-74.210426110952,40.724856764464",Essex County
A0004,10050 MOUNTAIR AVE,Los Angeles,CA,91042,1964,39,0500,Five or more apartments,LA County eGIS parcels,2026-10-01T22:50Z,Los Angeles,"Los Angeles, CA",CA > Los Angeles,census_geocoder,0.98,Match,"10050 MOUNTAIR AVE, TUJUNGA, CA, 91042","-118.293109199528,34.251842346844",Los Angeles County
A0005,1609 ADDISON ST,Berkeley,CA,94703,,,7700,Alameda County use code (5+ units),Alameda County parcels,2026-10-01T22:50Z,Berkeley,"Berkeley, CA",CA > Berkeley,census_geocoder,0.98,Match,"1609 ADDISON ST, BERKELEY, CA, 94703","-122.279293972449,37.869830696926",Alameda County
A0006,69-71 WESTLAND AV,Boston,MA,02115,1900,,A/125,SUBSD HOUSING S- 8,Boston Property Assessment FY2026,2026-10-01T22:50Z,Boston,"Boston, MA",MA > Boston,census_geocoder,0.98,Match,"71 WESTLAND AVE, BOSTON, MA, 02115","-71.08876547331,42.343794186875",Suffolk County
A0007,4257 SAN PEDRO PL,Los Angeles,CA,90011,1913,6,0500,Five or more apartments,LA County eGIS parcels,2026-10-01T22:50Z,Los Angeles,"Los Angeles, CA",CA > Los Angeles,census_geocoder,0.98,Match,"4257 SAN PEDRO PL, LOS ANGELES, CA, 90011","-118.271165204282,34.006235579229",Los Angeles County
A0008,1065 SUMMIT AVENUE,Jersey City,NJ,78746,,,4C,10S-B-A-151U-HE,NJOGIS Parcels & MOD-IV Composite,2026-10-01T22:50Z,Jersey City,"Jersey City, NJ",NJ > Jersey City,census_geocoder,0.98,Match,"1065 SUMMIT AVE, JERSEY CITY, NJ, 07307","-74.049026204465,40.751069898526",Hudson County
A0009,322-322.5 Western Ave,Cambridge,MA,,1915,6,111,4-8-UNIT-APT,Cambridge Property Database FY2026 (waa7-ibdu),2026-10-01T22:50Z,Cambridge,"Cambridge, MA",MA > Cambridge,postal_city_fallback,0.85,Tie,,,
A0010,134 Oxford St,Cambridge,MA,,1915,6,111,4-8-UNIT-APT,Cambridge Property Database FY2026 (waa7-ibdu),2026-10-01T22:50Z,Cambridge,"Cambridge, MA",MA > Cambridge,census_geocoder,0.98,Match,"134 OXFORD ST, CAMBRIDGE, MA, 02140","-71.1160583909,42.385333082376",Middlesex County
A0011,834-836 RAYMOND BLVD,Newark,NJ,08805,,,4C,3S.F.,NJOGIS Parcels & MOD-IV Composite,2026-10-01T22:50Z,Newark,"Newark, NJ",NJ > Newark,census_geocoder,0.98,Match,"836 RAYMOND BLVD, NEWARK, NJ, 07105","-74.156177797252,40.732646449965",Essex County
A0012,1064 SUMMIT AVE.,Jersey City,NJ,07728,1900,,4C,3S-F-D-6U,NJOGIS Parcels & MOD-IV Composite,2026-10-01T22:50Z,Jersey City,"Jersey City, NJ",NJ > Jersey City,census_geocoder,0.98,Match,"1064 SUMMIT AVE, JERSEY CITY, NJ, 07307","-74.048775549263,40.751188750138",Hudson County
A0013,137 N 11TH ST,Newark,NJ,07107,,,4C,3SF,NJOGIS Parcels & MOD-IV Composite,2026-10-01T22:50Z,Newark,"Newark, NJ",NJ > Newark,census_geocoder,0.98,Match,"137 N 11TH ST, NEWARK, NJ, 07107","-74.191694841632,40.759893850085",Essex County
A0014,5907 CAHUENGA BLVD,Los Angeles,CA,91601,1947,7,0500,Five or more apartments,LA County eGIS parcels,2026-10-01T22:50Z,Los Angeles,"Los Angeles, CA",CA > Los Angeles,census_geocoder,0.98,Match,"5907 CAHUENGA BLVD, NORTH HOLLYWOOD, CA, 91601","-118.361636078081,34.177801731811",Los Angeles County
A0015,15 Everett St,Cambridge,MA,,1930,83,112,>8-UNIT-APT,Cambridge Property Database FY2026 (waa7-ibdu),2026-10-01T22:50Z,Cambridge,"Cambridge, MA",MA > Cambridge,census_geocoder,0.98,Match,"15 EVERETT ST, CAMBRIDGE, MA, 02138","-71.118720021347,42.379980886163",Middlesex County
A0016,3515 FILLMORE ST,San Francisco,CA,,1926,21,A15,Apartment 15 Units or more,DataSF wv5m-vpq2 (2025 roll),2026-10-01T22:50Z,San Francisco,"San Francisco, CA",CA > San Francisco,census_geocoder,0.98,Match,"3515 FILLMORE ST, SAN FRANCISCO, CA, 94123","-122.436684852142,37.801874337429",San Francisco County
A0017,225 DUNCAN AVE.,Jersey City,NJ,10949,,,4C,3S-F-D-6U-NH,NJOGIS Parcels & MOD-IV Composite,2026-10-01T22:50Z,Jersey City,"Jersey City, NJ",NJ > Jersey City,census_geocoder,0.98,Match,"225 DUNCAN AVE, JERSEY CITY, NJ, 07306","-74.079234576768,40.7277629714",Hudson County
A0018,1906 BONITA AVE,Berkeley,CA,94704,,,7200,Alameda County use code (5+ units),Alameda County parcels,2026-10-01T22:50Z,Berkeley,"Berkeley, CA",CA > Berkeley,census_geocoder,0.98,Match,"1906 BONITA AVE, BERKELEY, CA, 94704","-122.272116073506,37.873088577747",Alameda County
A0019,3820 HAINES ST,San Diego,CA,92109,,16,15,SANDAG asr_landuse 14-16 (5+ units),SANDAG/SanGIS parcels,2026-10-01T22:50Z,San Diego,"San Diego, CA",CA > San Diego,census_geocoder,0.98,Match,"3820 HAINES ST, SAN DIEGO, CA, 92109","-117.239511773112,32.788734586305",San Diego County
A0020,646-648 N 6TH ST,Newark,NJ,07083,,,4C,Apartments (class 4C),NJOGIS Parcels & MOD-IV Composite,2026-10-01T22:50Z,Newark,"Newark, NJ",NJ > Newark,census_geocoder,0.98,Match,"648 N 6TH ST, NEWARK, NJ, 07107","-74.180587460657,40.771224225449",Essex County
A0021,22 PRECITA AV,San Francisco,CA,,1963,6,A5,Apartment 5 to 14 Units,DataSF wv5m-vpq2 (2025 roll),2026-10-01T22:50Z,San Francisco,"San Francisco, CA",CA > San Francisco,census_geocoder,0.98,Match,"22 PRECITA AVE, SAN FRANCISCO, CA, 94110","-122.418913690663,37.746697199975",San Francisco County
A0022,10908 HARTSOOK ST,Los Angeles,CA,91601,2012,5,0500,Five or more apartments,LA County eGIS parcels,2026-10-01T22:50Z,Los Angeles,"Los Angeles, CA",CA > Los Angeles,census_geocoder,0.98,Match,"10908 HARTSOOK ST, NORTH HOLLYWOOD, CA, 91601","-118.368312978253,34.163485706471",Los Angeles County
A0023,843 IROLO ST,Los Angeles,CA,90005,1987,33,0500,Five or more apartments,LA County eGIS parcels,2026-10-01T22:50Z,Los Angeles,"Los Angeles, CA",CA > Los Angeles,census_geocoder,0.98,Match,"843 IROLO ST, LOS ANGELES, CA, 90005","-118.300958567015,34.0569182313",Los Angeles County
A0024,227 Charles St,Cambridge,MA,,1920,6,111,4-8-UNIT-APT,Cambridge Property Database FY2026 (waa7-ibdu),2026-10-01T22:50Z,Cambridge,"Cambridge, MA",MA > Cambridge,census_geocoder,0.98,Match,"227 CHARLES ST, CAMBRIDGE, MA, 02141","-71.084850671785,42.368207474124",Middlesex County
A0025,2341 8TH ST,Berkeley,CA,94710,,,7700,Alameda County use code (5+ units),Alameda County parcels,2026-10-01T22:50Z,Berkeley,"Berkeley, CA",CA > Berkeley,census_geocoder,0.98,Match,"2341 8TH ST, BERKELEY, CA, 94710","-122.293815269518,37.863231048622",Alameda County
A0026,59 OAK ST.,Jersey City,NJ,07306,1901,,4C,4S-B-D-8U-NH,NJOGIS Parcels & MOD-IV Composite,2026-10-01T22:50Z,Jersey City,"Jersey City, NJ",NJ > Jersey City,census_geocoder,0.98,Match,"59 OAK ST, JERSEY CITY, NJ, 07304","-74.076996657496,40.713718828723",Hudson County
A0027,3918 FULTON ST,San Francisco,CA,,1923,6,A5,Apartment 5 to 14 Units,DataSF wv5m-vpq2 (2025 roll),2026-10-01T22:50Z,San Francisco,"San Francisco, CA",CA > San Francisco,census_geocoder,0.98,Match,"3918 FULTON ST, SAN FRANCISCO, CA, 94118","-122.473684296131,37.773108534668",San Francisco County
A0028,585 5TH ST,Newark,NJ,07107,,,4C,3SF3UG,NJOGIS Parcels & MOD-IV Composite,2026-10-01T22:50Z,Newark,"Newark, NJ",NJ > Newark,census_geocoder,0.98,Match,"585 N 5TH ST, NEWARK, NJ, 07107","-74.180832847404,40.768516151715",Essex County
A0029,280-284 VERONA AVE,Newark,NJ,07653,,,4C,4SB,NJOGIS Parcels & MOD-IV Composite,2026-10-01T22:50Z,Newark,"Newark, NJ",NJ > Newark,census_geocoder,0.98,Match,"284 VERONA AVE, NEWARK, NJ, 07104","-74.166168698177,40.78286229736",Essex County
A0030,2051 DIVISADERO ST,San Francisco,CA,,1908,5,FS5,Flat & Store 5 to 14 units,DataSF wv5m-vpq2 (2025 roll),2026-10-01T22:50Z,San Francisco,"San Francisco, CA",CA > San Francisco,census_geocoder,0.98,Match,"2051 DIVISADERO ST, SAN FRANCISCO, CA, 94115","-122.440651886856,37.788524403095",San Francisco County
A0031,5624 S SAN PEDRO ST,Los Angeles,CA,90011,1911,5,0500,Five or more apartments,LA County eGIS parcels,2026-10-01T22:50Z,Los Angeles,"Los Angeles, CA",CA > Los Angeles,census_geocoder,0.98,Match,"5624 S SAN PEDRO ST, LOS ANGELES, CA, 90011","-118.270046050706,33.991312087929",Los Angeles County
A0032,63 OAK ST.,Jersey City,NJ,08820,,,4C,4S-B-D-8U-NH,NJOGIS Parcels & MOD-IV Composite,2026-10-01T22:50Z,Jersey City,"Jersey City, NJ",NJ > Jersey City,census_geocoder,0.98,Match,"63 OAK ST, JERSEY CITY, NJ, 07304","-74.077148779124,40.7137999274",Hudson County
A0033,1260 KEARNY ST,San Francisco,CA,,1910,5,A5,Apartment 5 to 14 Units,DataSF wv5m-vpq2 (2025 roll),2026-10-01T22:50Z,San Francisco,"San Francisco, CA",CA > San Francisco,census_geocoder,0.98,Match,"1260 KEARNY ST, SAN FRANCISCO, CA, 94133","-122.405709002561,37.79964889858",San Francisco County
A0034,25 Gore St,Cambridge,MA,,1886,6,111,4-8-UNIT-APT,Cambridge Property Database FY2026 (waa7-ibdu),2026-10-01T22:50Z,Cambridge,"Cambridge, MA",MA > Cambridge,census_geocoder,0.98,Match,"25 GORE ST, CAMBRIDGE, MA, 02141","-71.079128226997,42.371703436562",Middlesex County
A0035,5239 HARMONY AVE,Los Angeles,CA,91601,1997,14,0500,Five or more apartments,LA County eGIS parcels,2026-10-01T22:50Z,Los Angeles,"Los Angeles, CA",CA > Los Angeles,census_geocoder,0.98,Match,"5239 HARMONY AVE, NORTH HOLLYWOOD, CA, 91601","-118.366516457468,34.165618179362",Los Angeles County
A0036,33 WARD ST,South Boston,MA,02127,2019,,A/112,APT 7-30 UNITS,Boston Property Assessment FY2026,2026-10-01T22:50Z,Boston,"Boston, MA",MA > Boston,census_geocoder,0.98,Match,"33 WARD ST, SOUTH BOSTON, MA, 02127","-71.054524489253,42.32946722555",Suffolk County
A0037,770 IROLO ST,Los Angeles,CA,90005,2001,47,0500,Five or more apartments,LA County eGIS parcels,2026-10-01T22:50Z,Los Angeles,"Los Angeles, CA",CA > Los Angeles,census_geocoder,0.98,Match,"770 IROLO ST, LOS ANGELES, CA, 90005","-118.300824624602,34.058302827517",Los Angeles County
A0038,154 YUKON ST,San Francisco,CA,,1908,5,A5,Apartment 5 to 14 Units,DataSF wv5m-vpq2 (2025 roll),2026-10-01T22:50Z,San Francisco,"San Francisco, CA",CA > San Francisco,census_geocoder,0.98,Match,"154 YUKON ST, SAN FRANCISCO, CA, 94114","-122.442397125228,37.757178828285",San Francisco County
A0039,1 Craigie St,Cambridge,MA,,1910,32,112,>8-UNIT-APT,Cambridge Property Database FY2026 (waa7-ibdu),2026-10-01T22:50Z,Cambridge,"Cambridge, MA",MA > Cambridge,census_geocoder,0.98,Match,"1 CRAIGIE ST, CAMBRIDGE, MA, 02138","-71.125838882455,42.379449621711",Middlesex County
A0040,69-75 JACKSON ST,Hoboken,NJ,07030,,,4C,3B-7U/4B-24U-G,NJOGIS Parcels & MOD-IV Composite,2026-10-01T22:50Z,Hoboken,"Hoboken, NJ",NJ > Hoboken,census_geocoder,0.98,Match,"75 JACKSON ST, HOBOKEN, NJ, 07030","-74.041089522043,40.738840718117",Hudson County
A0041,122 TIFFANY AV,San Francisco,CA,,1900,15,A5,Apartment 5 to 14 Units,DataSF wv5m-vpq2 (2025 roll),2026-10-01T22:50Z,San Francisco,"San Francisco, CA",CA > San Francisco,census_geocoder,0.98,Match,"122 TIFFANY AVE, SAN FRANCISCO, CA, 94110","-122.421406384884,37.744990908268",San Francisco County
A0042,320 FORREST ST.,Jersey City,NJ,07304,1912,,4C,2S-B-A-6U,NJOGIS Parcels & MOD-IV Composite,2026-10-01T22:50Z,Jersey City,"Jersey City, NJ",NJ > Jersey City,census_geocoder,0.98,Match,"320 FORREST ST, JERSEY CITY, NJ, 07304","-74.077362139063,40.713202456168",Hudson County
A0043,4 Orchard St,Cambridge,MA,,1920,6,111,4-8-UNIT-APT,Cambridge Property Database FY2026 (waa7-ibdu),2026-10-01T22:50Z,Cambridge,"Cambridge, MA",MA > Cambridge,census_geocoder,0.98,Match,"4 ORCHARD ST, CAMBRIDGE, MA, 02140","-71.119075629483,42.390119763731",Middlesex County
A0044,773-775 SANDFORD AVE,Newark,NJ,11211,,,4C,3SB,NJOGIS Parcels & MOD-IV Composite,2026-10-01T22:50Z,Newark,"Newark, NJ",NJ > Newark,census_geocoder,0.98,Match,"775 SANDFORD AVE, NEWARK, NJ, 07106","-74.237036956138,40.735737050359",Essex County
A0045,12829 BRANFORD ST,Los Angeles,CA,91331,1987,65,0501,Five or more apartments,LA County eGIS parcels,2026-10-01T22:50Z,Los Angeles,"Los Angeles, CA",CA > Los Angeles,census_geocoder,0.98,Match,"12829 BRANFORD ST, PACOIMA, CA, 91331","-118.41212012105,34.241771886514",Los Angeles County
A0046,8-12 Soden St,Cambridge,MA,,1975,44,112,>8-UNIT-APT,Cambridge Property Database FY2026 (waa7-ibdu),2026-10-01T22:50Z,Cambridge,"Cambridge, MA",MA > Cambridge,census_geocoder,0.98,Match,"12 SODEN ST, CAMBRIDGE, MA, 02139","-71.108340513884,42.365690566108",Middlesex County
A0047,14 RUTGERS AVE.,Jersey City,NJ,07304,1913,,4C,3S-B-D-6U-H,NJOGIS Parcels & MOD-IV Composite,2026-10-01T22:50Z,Jersey City,"Jersey City, NJ",NJ > Jersey City,census_geocoder,0.98,Match,"14 RUTGERS AVE, JERSEY CITY, NJ, 07305","-74.090865859165,40.698116647571",Hudson County
A0048,1619 COMMONWEALTH AV,Brighton,MA,02135,1899,,A/112,APT 7-30 UNITS,Boston Property Assessment FY2026,2026-10-01T22:50Z,Boston,"Boston, MA",MA > Boston,census_geocoder,0.98,Match,"1619 COMMONWEALTH AVE, BRIGHTON, MA, 02135","-71.143549067491,42.343402761946",Suffolk County
A0049,721 CLINTON ST,Hoboken,NJ,07856,,,4C,3S-6U-AFFORDABL,NJOGIS Parcels & MOD-IV Composite,2026-10-01T22:50Z,Hoboken,"Hoboken, NJ",NJ > Hoboken,census_geocoder,0.98,Match,"721 CLINTON ST, HOBOKEN, NJ, 07030","-74.033058218101,40.745798808889",Hudson County
A0050,36 HOFF ST,San Francisco,CA,,1986,49,A15,Apartment 15 Units or more,DataSF wv5m-vpq2 (2025 roll),2026-10-01T22:50Z,San Francisco,"San Francisco, CA",CA > San Francisco,census_geocoder,0.98,Match,"36 HOFF ST, SAN FRANCISCO, CA, 94110","-122.420573521471,37.764124413322",San Francisco County
A0051,65 OAKLAND AVE.,Jersey City,NJ,07423,,,4C,3S+BT-F-6U,NJOGIS Parcels & MOD-IV Composite,2026-10-01T22:50Z,Jersey City,"Jersey City, NJ",NJ > Jersey City,census_geocoder,0.98,Match,"65 OAKLAND AVE, JERSEY CITY, NJ, 07306","-74.055436604985,40.734681117954",Hudson County
A0052,88 Gardner ST,Allston,MA,02134,1965,,A/112,APT 7-30 UNITS,Boston Property Assessment FY2026,2026-10-01T22:50Z,Boston,"Boston, MA",MA > Boston,census_geocoder,0.98,Match,"88 GARDNER ST, ALLSTON, MA, 02134","-71.125813095903,42.353518237841",Suffolk County
A0053,32 Garrison ST,Boston,MA,02116,1990,,A/120,LUXURY APARTMENT,Boston Property Assessment FY2026,2026-10-01T22:50Z,Boston,"Boston, MA",MA > Boston,census_geocoder,0.98,Match,"32 GARRISON ST, BOSTON, MA, 02116","-71.07944707371,42.345890982312",Suffolk County
A0054,13 Shetland ST,Roxbury,MA,02119,2020,,A/112,APT 7-30 UNITS,Boston Property Assessment FY2026,2026-10-01T22:50Z,Boston,"Boston, MA",MA > Boston,census_geocoder,0.98,Match,"13 SHETLAND ST, ROXBURY, MA, 02119","-71.068028337557,42.324986499476",Suffolk County
A0055,305 10TH AV,San Francisco,CA,,1963,6,A5,Apartment 5 to 14 Units,DataSF wv5m-vpq2 (2025 roll),2026-10-01T22:50Z,San Francisco,"San Francisco, CA",CA > San Francisco,census_geocoder,0.98,Match,"305 10TH AVE, SAN FRANCISCO, CA, 94118","-122.46876702789,37.782619210817",San Francisco County
A0056,41-43 Edgerly RD,Boston,MA,02115,1920,,A/112,APT 7-30 UNITS,Boston Property Assessment FY2026,2026-10-01T22:50Z,Boston,"Boston, MA",MA > Boston,census_geocoder,0.98,Match,"43 EDGERLY RD, BOSTON, MA, 02115","-71.087947355571,42.345644184192",Suffolk County
A0057,57 STONE ST,Newark,NJ,07012,,,4C,4SB,NJOGIS Parcels & MOD-IV Composite,2026-10-01T22:50Z,Newark,"Newark, NJ",NJ > Newark,census_geocoder,0.98,Match,"57 STONE ST, NEWARK, NJ, 07104","-74.174377039669,40.753432421375",Essex County
A0058,3137 BOSTON AVE,San Diego,CA,92113,,7,14,SANDAG asr_landuse 14-16 (5+ units),SANDAG/SanGIS parcels,2026-10-01T22:50Z,San Diego,"San Diego, CA",CA > San Diego,census_geocoder,0.98,Match,"3137 BOSTON AVE, SAN DIEGO, CA, 92113","-117.126888325341,32.693817730505",San Diego County
A0059,84-86 WALNUT ST,Newark,NJ,07078,,,4C,1SCB,NJOGIS Parcels & MOD-IV Composite,2026-10-01T22:50Z,Newark,"Newark, NJ",NJ > Newark,census_geocoder,0.98,Match,"86 WALNUT ST, NEWARK, NJ, 07102","-74.170855709577,40.729215526845",Essex County
A0060,5737 WILLOWCREST AVE,Los Angeles,CA,91601,1962,8,0500,Five or more apartments,LA County eGIS parcels,2026-10-01T22:50Z,Los Angeles,"Los Angeles, CA",CA > Los Angeles,census_geocoder,0.98,Match,"5737 WILLOWCREST AVE, NORTH HOLLYWOOD, CA, 91601","-118.362720761505,34.174656039346",Los Angeles County
A0061,106 18TH AV,San Francisco,CA,,1915,5,A5,Apartment 5 to 14 Units,DataSF wv5m-vpq2 (2025 roll),2026-10-01T22:50Z,San Francisco,"San Francisco, CA",CA > San Francisco,census_geocoder,0.98,Match,"106 18TH AVE, SAN FRANCISCO, CA, 94121","-122.477559726965,37.785919313984",San Francisco County
A0062,77 HOFF ST,San Francisco,CA,,1906,6,A5,Apartment 5 to 14 Units,DataSF wv5m-vpq2 (2025 roll),2026-10-01T22:50Z,San Francisco,"San Francisco, CA",CA > San Francisco,census_geocoder,0.98,Match,"77 HOFF ST, SAN FRANCISCO, CA, 94110","-122.420395727367,37.763766231452",San Francisco County
A0063,11 Cortes ST,Boston,MA,02116,1899,,A/112,APT 7-30 UNITS,Boston Property Assessment FY2026,2026-10-01T22:50Z,Boston,"Boston, MA",MA > Boston,census_geocoder,0.98,Match,"11 CORTES ST, BOSTON, MA, 02116","-71.069583391995,42.348290028212",Suffolk County
A0064,24-26 Concord Ave,Cambridge,MA,,1890,84,112,>8-UNIT-APT,Cambridge Property Database FY2026 (waa7-ibdu),2026-10-01T22:50Z,Cambridge,"Cambridge, MA",MA > Cambridge,census_geocoder,0.98,Match,"26 CONCORD AVE, CAMBRIDGE, MA, 02138","-71.125842851741,42.379416219968",Middlesex County
A0065,63 Bailey ST,Dorchester,MA,02124,,,A/120,LUXURY APARTMENT,Boston Property Assessment FY2026,2026-10-01T22:50Z,Boston,"Boston, MA",MA > Boston,census_geocoder,0.98,Match,"63 BAILEY ST, DORCHESTER, MA, 02124","-71.066465126331,42.284452236737",Suffolk County
A0066,1318 N ORANGE DR,Los Angeles,CA,90028,1988,36,0500,Five or more apartments,LA County eGIS parcels,2026-10-01T22:50Z,Los Angeles,"Los Angeles, CA",CA > Los Angeles,census_geocoder,0.98,Match,"1318 N ORANGE DR, LOS ANGELES, CA, 90028","-118.341484249454,34.0947022093",Los Angeles County
A0067,1335 N VISTA ST,Los Angeles,CA,90046,1954,8,0500,Five or more apartments,LA County eGIS parcels,2026-10-01T22:50Z,Los Angeles,"Los Angeles, CA",CA > Los Angeles,census_geocoder,0.98,Match,"1335 N VISTA ST, LOS ANGELES, CA, 90046","-118.351799391859,34.095045778052",Los Angeles County
A0068,40-42 Clearway ST,Boston,MA,02115,1920,,A/112,APT 7-30 UNITS,Boston Property Assessment FY2026,2026-10-01T22:50Z,Boston,"Boston, MA",MA > Boston,census_geocoder,0.98,Match,"42 CLEARWAY ST, BOSTON, MA, 02115","-71.085769499369,42.345336985524",Suffolk County
A0069,2277 UNION ST,San Francisco,CA,,1900,7,FS5,Flat & Store 5 to 14 units,DataSF wv5m-vpq2 (2025 roll),2026-10-01T22:50Z,San Francisco,"San Francisco, CA",CA > San Francisco,census_geocoder,0.98,Match,"2277 UNION ST, SAN FRANCISCO, CA, 94123","-122.436717035924,37.796874616444",San Francisco County
A0070,43 Fayette St,Cambridge,MA,,1910,7,111,4-8-UNIT-APT,Cambridge Property Database FY2026 (waa7-ibdu),2026-10-01T22:50Z,Cambridge,"Cambridge, MA",MA > Cambridge,census_geocoder,0.98,Match,"43 FAYETTE ST, CAMBRIDGE, MA, 02139","-71.103267573782,42.372611705618",Middlesex County
A0071,14.5-16 Vandine St,Cambridge,MA,,1900,5,111,4-8-UNIT-APT,Cambridge Property Database FY2026 (waa7-ibdu),2026-10-01T22:50Z,Cambridge,"Cambridge, MA",MA > Cambridge,census_geocoder,0.98,Match,"16 VANDINE ST, CAMBRIDGE, MA, 02141","-71.0905953379,42.368814396347",Middlesex County
A0072,1251 10TH AV,San Francisco,CA,,1973,6,A5,Apartment 5 to 14 Units,DataSF wv5m-vpq2 (2025 roll),2026-10-01T22:50Z,San Francisco,"San Francisco, CA",CA > San Francisco,census_geocoder,0.98,Match,"1251 10TH AVE, SAN FRANCISCO, CA, 94122","-122.467520089918,37.764890627041",San Francisco County
A0073,35-37 Inman St,Cambridge,MA,,1900,6,111,4-8-UNIT-APT,Cambridge Property Database FY2026 (waa7-ibdu),2026-10-01T22:50Z,Cambridge,"Cambridge, MA",MA > Cambridge,census_geocoder,0.98,Match,"37 INMAN ST, CAMBRIDGE, MA, 02139","-71.103956176776,42.368713915313",Middlesex County
A0074,717 S BERENDO ST,Los Angeles,CA,90005,1963,34,0500,Five or more apartments,LA County eGIS parcels,2026-10-01T22:50Z,Los Angeles,"Los Angeles, CA",CA > Los Angeles,census_geocoder,0.98,Match,"717 S BERENDO ST, LOS ANGELES, CA, 90005","-118.294210099909,34.059391478589",Los Angeles County
A0075,27 Everett St,Cambridge,MA,,1880,10,112,>8-UNIT-APT,Cambridge Property Database FY2026 (waa7-ibdu),2026-10-01T22:50Z,Cambridge,"Cambridge, MA",MA > Cambridge,census_geocoder,0.98,Match,"27 EVERETT ST, CAMBRIDGE, MA, 02138","-71.117508170008,42.379922700614",Middlesex County
A0076,304 E KINNEY ST,Newark,NJ,07033,,,4C,3SB2UG,NJOGIS Parcels & MOD-IV Composite,2026-10-01T22:50Z,Newark,"Newark, NJ",NJ > Newark,census_geocoder,0.98,Match,"304 E KINNEY ST, NEWARK, NJ, 07105","-74.162836470045,40.724076460199",Essex County
A0077,91 Brookline St,Cambridge,MA,,1902,6,111,4-8-UNIT-APT,Cambridge Property Database FY2026 (waa7-ibdu),2026-10-01T22:50Z,Cambridge,"Cambridge, MA",MA > Cambridge,census_geocoder,0.98,Match,"91 BROOKLINE ST, CAMBRIDGE, MA, 02139","-71.103733351887,42.361566486333",Middlesex County
A0078,115 BAYVIEW AVE.,Jersey City,NJ,07304,,,4C,4S-B-A-16U-H,NJOGIS Parcels & MOD-IV Composite,2026-10-01T22:50Z,Jersey City,"Jersey City, NJ",NJ > Jersey City,census_geocoder,0.98,Match,"115 BAYVIEW AVE, JERSEY CITY, NJ, 07305","-74.080499166258,40.705324743987",Hudson County
A0079,2361 PORTLAND ST,Los Angeles,CA,90007,1912,9,0500,Five or more apartments,LA County eGIS parcels,2026-10-01T22:50Z,Los Angeles,"Los Angeles, CA",CA > Los Angeles,census_geocoder,0.98,Match,"2361 PORTLAND ST, LOS ANGELES, CA, 90007","-118.282094130957,34.032231820463",Los Angeles County
A0080,690 S CATALINA ST,Los Angeles,CA,90005,2002,90,0500,Five or more apartments,LA County eGIS parcels,2026-10-01T22:50Z,Los Angeles,"Los Angeles, CA",CA > Los Angeles,census_geocoder,0.98,Match,"690 S CATALINA ST, LOS ANGELES, CA, 90005","-118.295327996925,34.060127849082",Los Angeles County
A0081,145 TAYLOR ST,San Francisco,CA,,2005,69,A15,Apartment 15 Units or more,DataSF wv5m-vpq2 (2025 roll),2026-10-01T22:50Z,San Francisco,"San Francisco, CA",CA > San Francisco,census_geocoder,0.98,Match,"145 TAYLOR ST, SAN FRANCISCO, CA, 94102","-122.410947938983,37.783758897294",San Francisco County
A0082,63 Inman St,Cambridge,MA,,1880,16,112,>8-UNIT-APT,Cambridge Property Database FY2026 (waa7-ibdu),2026-10-01T22:50Z,Cambridge,"Cambridge, MA",MA > Cambridge,census_geocoder,0.98,Match,"63 INMAN ST, CAMBRIDGE, MA, 02139","-71.102833387558,42.370344257321",Middlesex County
A0083,38 KENILWORTH ST,Roxbury,MA,02119,1890,,A/125,SUBSD HOUSING S- 8,Boston Property Assessment FY2026,2026-10-01T22:50Z,Boston,"Boston, MA",MA > Boston,census_geocoder,0.98,Match,"38 KENILWORTH ST, ROXBURY, MA, 02119","-71.087424612529,42.328651609512",Suffolk County
A0084,1725 CHESTNUT ST,San Francisco,CA,,1908,5,A5,Apartment 5 to 14 Units,DataSF wv5m-vpq2 (2025 roll),2026-10-01T22:50Z,San Francisco,"San Francisco, CA",CA > San Francisco,census_geocoder,0.98,Match,"1725 CHESTNUT ST, SAN FRANCISCO, CA, 94123","-122.431739349227,37.801332618559",San Francisco County
A0085,1101 CHURCH ST,San Francisco,CA,,1926,6,A5,Apartment 5 to 14 Units,DataSF wv5m-vpq2 (2025 roll),2026-10-01T22:50Z,San Francisco,"San Francisco, CA",CA > San Francisco,census_geocoder,0.98,Match,"1101 CHURCH ST, SAN FRANCISCO, CA, 94114","-122.427505338235,37.753239144697",San Francisco County
A0086,67 Plymouth St,Cambridge,MA,,1837,5,111,4-8-UNIT-APT,Cambridge Property Database FY2026 (waa7-ibdu),2026-10-01T22:50Z,Cambridge,"Cambridge, MA",MA > Cambridge,census_geocoder,0.98,Match,"67 PLYMOUTH ST, CAMBRIDGE, MA, 02141","-71.093495991755,42.369083221693",Middlesex County
A0087,323 BLOOMFIELD ST,Hoboken,NJ,07504,,,4C,"2,4B-16U-H-X",NJOGIS Parcels & MOD-IV Composite,2026-10-01T22:50Z,Hoboken,"Hoboken, NJ",NJ > Hoboken,census_geocoder,0.98,Match,"323 BLOOMFIELD ST, HOBOKEN, NJ, 07030","-74.030768159948,40.740414697817",Hudson County
A0088,201 CLEMENT ST,San Francisco,CA,,1908,9,FS5,Flat & Store 5 to 14 units,DataSF wv5m-vpq2 (2025 roll),2026-10-01T22:50Z,San Francisco,"San Francisco, CA",CA > San Francisco,census_geocoder,0.98,Match,"201 CLEMENT ST, SAN FRANCISCO, CA, 94118","-122.461275217487,37.783026502307",San Francisco County
A0089,935 PARK AVE,Hoboken,NJ,07030,,,4C,5B-10U-H-BA,NJOGIS Parcels & MOD-IV Composite,2026-10-01T22:50Z,Hoboken,"Hoboken, NJ",NJ > Hoboken,census_geocoder,0.98,Match,"935 PARK AVE, HOBOKEN, NJ, 07030","-74.030368120288,40.748211954503",Hudson County
A0090,30 JACKSON ST,Newark,NJ,07105,,,4C,3S.F.,NJOGIS Parcels & MOD-IV Composite,2026-10-01T22:50Z,Newark,"Newark, NJ",NJ > Newark,census_geocoder,0.98,Match,"30 JACKSON ST, NEWARK, NJ, 07105","-74.155787524567,40.731204856376",Essex County
A0091,2229 DWIGHT WAY,Berkeley,CA,94704,,,7700,Alameda County use code (5+ units),Alameda County parcels,2026-10-01T22:50Z,Berkeley,"Berkeley, CA",CA > Berkeley,census_geocoder,0.98,Match,"2229 DWIGHT WAY, BERKELEY, CA, 94704","-122.264605312198,37.864405329327",Alameda County
A0092,2514 PIEDMONT AVE,Berkeley,CA,94704,,,7700,Alameda County use code (5+ units),Alameda County parcels,2026-10-01T22:50Z,Berkeley,"Berkeley, CA",CA > Berkeley,census_geocoder,0.98,Match,"2514 PIEDMONT AVE, BERKELEY, CA, 94704","-122.251697248224,37.865583367618",Alameda County
A0093,90 BICKFORD ST,Jamaica Plain,MA,02130,2004,,A/118,ELDERLY HOME,Boston Property Assessment FY2026,2026-10-01T22:50Z,Boston,"Boston, MA",MA > Boston,census_geocoder,0.98,Match,"90 BICKFORD ST, JAMAICA PLAIN, MA, 02130","-71.101924371068,42.324002818423",Suffolk County
A0094,1371 27TH ST,San Diego,CA,92154,,88,16,SANDAG asr_landuse 14-16 (5+ units),SANDAG/SanGIS parcels,2026-10-01T22:50Z,San Diego,"San Diego, CA",CA > San Diego,census_geocoder,0.98,Match,"1371 27TH ST, SAN DIEGO, CA, 92154","-117.075371141803,32.571862077109",San Diego County
A0095,23 Elm St,Cambridge,MA,,1900,6,111,4-8-UNIT-APT,Cambridge Property Database FY2026 (waa7-ibdu),2026-10-01T22:50Z,Cambridge,"Cambridge, MA",MA > Cambridge,census_geocoder,0.98,Match,"23 ELM ST, CAMBRIDGE, MA, 02139","-71.098495150944,42.367845841037",Middlesex County
A0096,81 WESTLAND AV,Boston,MA,02115,1910,,A/125,SUBSD HOUSING S- 8,Boston Property Assessment FY2026,2026-10-01T22:50Z,Boston,"Boston, MA",MA > Boston,census_geocoder,0.98,Match,"81 WESTLAND AVE, BOSTON, MA, 02115","-71.089157903457,42.343854353427",Suffolk County
A0097,1560 MASON ST,San Francisco,CA,,1907,8,FS5,Flat & Store 5 to 14 units,DataSF wv5m-vpq2 (2025 roll),2026-10-01T22:50Z,San Francisco,"San Francisco, CA",CA > San Francisco,census_geocoder,0.98,Match,"1560 MASON ST, SAN FRANCISCO, CA, 94133","-122.411949673166,37.79780463687",San Francisco County
A0098,WILLOWWOOD ST,Dorchester,MA,02124,,,A/125,SUBSD HOUSING S- 8,Boston Property Assessment FY2026,2026-10-01T22:50Z,Boston,"Boston, MA",MA > Boston,postal_city_fallback,0.85,No_Match,,,
A0099,822 WASHINGTON ST,Hoboken,NJ,07458,,,4C,4B-5U-H-BA,NJOGIS Parcels & MOD-IV Composite,2026-10-01T22:50Z,Hoboken,"Hoboken, NJ",NJ > Hoboken,census_geocoder,0.98,Match,"822 WASHINGTON ST, HOBOKEN, NJ, 07030","-74.028270964888,40.746308514721",Hudson County
A0100,4732 BANCROFT ST,San Diego,CA,92116,,7,14,SANDAG asr_landuse 14-16 (5+ units),SANDAG/SanGIS parcels,2026-10-01T22:50Z,San Diego,"San Diego, CA",CA > San Diego,census_geocoder,0.98,Match,"4732 BANCROFT ST, SAN DIEGO, CA, 92116","-117.123977567896,32.764095185337",San Diego County
A0101,315-319 FAIRMOUNT AVENUE,Jersey City,NJ,07039,,,4C,2-4S-B-A-26U-H,NJOGIS Parcels & MOD-IV Composite,2026-10-01T22:50Z,Jersey City,"Jersey City, NJ",NJ > Jersey City,census_geocoder,0.98,Match,"319 FAIRMOUNT AVE, JERSEY CITY, NJ, 07306","-74.070809872433,40.725229747686",Hudson County
A0102,124 BLOOMFIELD ST,Hoboken,NJ,10003,,,4C,4B-5U-H-BA,NJOGIS Parcels & MOD-IV Composite,2026-10-01T22:50Z,Hoboken,"Hoboken, NJ",NJ > Hoboken,census_geocoder,0.98,Match,"124 BLOOMFIELD ST, HOBOKEN, NJ, 07030","-74.031684861444,40.737933172158",Hudson County
A0103,2161 ALLSTON WAY,Berkeley,CA,94704,,,7700,Alameda County use code (5+ units),Alameda County parcels,2026-10-01T22:50Z,Berkeley,"Berkeley, CA",CA > Berkeley,census_geocoder,0.98,Match,"2161 ALLSTON WAY, BERKELEY, CA, 94704","-122.266218694007,37.869701586713",Alameda County
A0104,409 5TH ST,Newark,NJ,07012,,,4C,3SB,NJOGIS Parcels & MOD-IV Composite,2026-10-01T22:50Z,Newark,"Newark, NJ",NJ > Newark,census_geocoder,0.98,Match,"409 N 5TH ST, NEWARK, NJ, 07107","-74.184328525177,40.761814283797",Essex County
A0105,140 PORTOLA DR,San Francisco,CA,,2019,7,A5,Apartment 5 to 14 Units,DataSF wv5m-vpq2 (2025 roll),2026-10-01T22:50Z,San Francisco,"San Francisco, CA",CA > San Francisco,census_geocoder,0.98,Match,"140 PORTOLA DR, SAN FRANCISCO, CA, 94131","-122.444191229026,37.748652213279",San Francisco County
A0106,250 FREMONT ST,San Francisco,CA,,,60,A15,Apartment 15 Units or more,DataSF wv5m-vpq2 (2025 roll),2026-10-01T22:50Z,San Francisco,"San Francisco, CA",CA > San Francisco,census_geocoder,0.98,Match,"250 FREMONT ST, SAN FRANCISCO, CA, 94105","-122.394074444911,37.788294915739",San Francisco County
A0107,10635 SHERMAN GROVE AVE,Los Angeles,CA,91040,1978,20,0500,Five or more apartments,LA County eGIS parcels,2026-10-01T22:50Z,Los Angeles,"Los Angeles, CA",CA > Los Angeles,census_geocoder,0.98,Match,"10635 SHERMAN GROVE AVE, SUNLAND, CA, 91040","-118.32017657606,34.262255890509",Los Angeles County
A0108,13 JEFFERSON AVE.,Jersey City,NJ,07030,,,4C,3S-B-D-6U-H,NJOGIS Parcels & MOD-IV Composite,2026-10-01T22:50Z,Jersey City,"Jersey City, NJ",NJ > Jersey City,census_geocoder,0.98,Match,"13 JEFFERSON AVE, JERSEY CITY, NJ, 07306","-74.049970012264,40.736287315576",Hudson County
A0109,2922 OTIS ST,Berkeley,CA,94703,,,7700,Alameda County use code (5+ units),Alameda County parcels,2026-10-01T22:50Z,Berkeley,"Berkeley, CA",CA > Berkeley,census_geocoder,0.98,Match,"2922 OTIS ST, BERKELEY, CA, 94703","-122.270269918923,37.8558347046",Alameda County
A0110,130-132 2ND AVE,Newark,NJ,07055,,,4C,3SF,NJOGIS Parcels & MOD-IV Composite,2026-10-01T22:50Z,Newark,"Newark, NJ",NJ > Newark,census_geocoder,0.98,Match,"132 2ND AVE, NEWARK, NJ, 07104","-74.174745021871,40.763265479466",Essex County
A0111,10075 TUJUNGA CANYON BLVD,Los Angeles,CA,91042,1984,40,0500,Five or more apartments,LA County eGIS parcels,2026-10-01T22:50Z,Los Angeles,"Los Angeles, CA",CA > Los Angeles,census_geocoder,0.98,Match,"10075 TUJUNGA CANYON BLVD, TUJUNGA, CA, 91042","-118.284430355327,34.249924250911",Los Angeles County
A0112,448 BRODERICK ST,San Francisco,CA,,1905,9,A5,Apartment 5 to 14 Units,DataSF wv5m-vpq2 (2025 roll),2026-10-01T22:50Z,San Francisco,"San Francisco, CA",CA > San Francisco,census_geocoder,0.98,Match,"448 BRODERICK ST, SAN FRANCISCO, CA, 94117","-122.439298239317,37.77431322716",San Francisco County
A0113,3151 ETON AVE,Berkeley,CA,94705,,,7700,Alameda County use code (5+ units),Alameda County parcels,2026-10-01T22:50Z,Berkeley,"Berkeley, CA",CA > Berkeley,census_geocoder,0.98,Match,"3151 ETON AVE, BERKELEY, CA, 94705","-122.250637537308,37.853156920269",Alameda County
A0114,3743 INDIA ST,San Diego,CA,92103,,6,14,SANDAG asr_landuse 14-16 (5+ units),SANDAG/SanGIS parcels,2026-10-01T22:50Z,San Diego,"San Diego, CA",CA > San Diego,census_geocoder,0.98,Match,"3743 INDIA ST, SAN DIEGO, CA, 92103","-117.180736253153,32.74279009558",San Diego County
A0115,397 05TH AV,San Francisco,CA,,1900,6,FS5,Flat & Store 5 to 14 units,DataSF wv5m-vpq2 (2025 roll),2026-10-01T22:50Z,San Francisco,"San Francisco, CA",CA > San Francisco,postal_city_fallback,0.85,No_Match,,,
A0116,36 PROSPECT ST.,Jersey City,NJ,07111,1923,,4C,3S-F-D-6U-H,NJOGIS Parcels & MOD-IV Composite,2026-10-01T22:50Z,Jersey City,"Jersey City, NJ",NJ > Jersey City,census_geocoder,0.98,Match,"36 PROSPECT ST, JERSEY CITY, NJ, 07307","-74.049245065733,40.73782973401",Hudson County
A0117,1733 N CHEROKEE AVE,Los Angeles,CA,90028,1924,40,0500,Five or more apartments,LA County eGIS parcels,2026-10-01T22:50Z,Los Angeles,"Los Angeles, CA",CA > Los Angeles,census_geocoder,0.98,Match,"1733 N CHEROKEE AVE, LOS ANGELES, CA, 90028","-118.334821278665,34.102120911287",Los Angeles County
A0118,18-34 KINGBIRD RD,Dorchester,MA,02124,2009,,A/125,SUBSD HOUSING S- 8,Boston Property Assessment FY2026,2026-10-01T22:50Z,Boston,"Boston, MA",MA > Boston,census_geocoder,0.98,Match,"34 KINGBIRD RD, DORCHESTER, MA, 02124","-71.093533488467,42.292350464404",Suffolk County
A0119,607 ADAMS ST,Hoboken,NJ,07030,,,4C,2F-4U/2F-2U,NJOGIS Parcels & MOD-IV Composite,2026-10-01T22:50Z,Hoboken,"Hoboken, NJ",NJ > Hoboken,census_geocoder,0.98,Match,"607 ADAMS ST, HOBOKEN, NJ, 07030","-74.035368051004,40.744671445285",Hudson County
A0120,139 ELM ST,Newark,NJ,07105,,,4C,3SF,NJOGIS Parcels & MOD-IV Composite,2026-10-01T22:50Z,Newark,"Newark, NJ",NJ > Newark,census_geocoder,0.98,Match,"139 ELM ST, NEWARK, NJ, 07105","-74.165047104124,40.72835234588",Essex County
A0121,4079 FRONT ST,San Diego,CA,92103,,22,15,SANDAG asr_landuse 14-16 (5+ units),SANDAG/SanGIS parcels,2026-10-01T22:50Z,San Diego,"San Diego, CA",CA > San Diego,census_geocoder,0.98,Match,"4079 FRONT ST, SAN DIEGO, CA, 92103","-117.16494526813,32.751421595306",San Diego County
A0122,4812 S BROADWAY,Los Angeles,CA,90037,1909,8,0500,Five or more apartments,LA County eGIS parcels,2026-10-01T22:50Z,Los Angeles,"Los Angeles, CA",CA > Los Angeles,census_geocoder,0.98,Match,"4812 S BROADWAY, LOS ANGELES, CA, 90037","-118.278252342985,33.999020066962",Los Angeles County
A0123,123 Condor ST,East Boston,MA,02128,2013,,A/125,SUBSD HOUSING S- 8,Boston Property Assessment FY2026,2026-10-01T22:50Z,Boston,"Boston, MA",MA > Boston,census_geocoder,0.98,Match,"123 CONDOR ST, EAST BOSTON, MA, 02128","-71.035437146913,42.382539410028",Suffolk County
A0124,33-35 Brookline St,Cambridge,MA,,1929,16,112,>8-UNIT-APT,Cambridge Property Database FY2026 (waa7-ibdu),2026-10-01T22:50Z,Cambridge,"Cambridge, MA",MA > Cambridge,census_geocoder,0.98,Match,"35 BROOKLINE ST, CAMBRIDGE, MA, 02139","-71.102457805365,42.362941773312",Middlesex County
A0125,227 GRAND ST,Hoboken,NJ,07030,,,4C,5B-5U-H-(CO-OP),NJOGIS Parcels & MOD-IV Composite,2026-10-01T22:50Z,Hoboken,"Hoboken, NJ",NJ > Hoboken,census_geocoder,0.98,Match,"227 GRAND ST, HOBOKEN, NJ, 07030","-74.035814894303,40.740020460669",Hudson County
A0126,1350 POTRERO AV,San Francisco,CA,,1927,8,A5,Apartment 5 to 14 Units,DataSF wv5m-vpq2 (2025 roll),2026-10-01T22:50Z,San Francisco,"San Francisco, CA",CA > San Francisco,census_geocoder,0.98,Match,"1350 POTRERO AVE, SAN FRANCISCO, CA, 94110","-122.406250403098,37.750954392609",San Francisco County
A0127,10029 SEPULVEDA BLVD,Los Angeles,CA,91345,1964,5,050C,Five or more apartments,LA County eGIS parcels,2026-10-01T22:50Z,Los Angeles,"Los Angeles, CA",CA > Los Angeles,census_geocoder,0.98,Match,"10029 N SEPULVEDA BLVD, MISSION HILLS, CA, 91345","-118.467596873721,34.252367056179",Los Angeles County
A0128,Harvard ST,Dorchester,MA,02124,,,A/125,SUBSD HOUSING S- 8,Boston Property Assessment FY2026,2026-10-01T22:50Z,Boston,"Boston, MA",MA > Boston,postal_city_fallback,0.85,No_Match,,,
A0129,526-532 MULBERRY ST,Newark,NJ,07039,,,4C,3SB1UG,NJOGIS Parcels & MOD-IV Composite,2026-10-01T22:50Z,Newark,"Newark, NJ",NJ > Newark,census_geocoder,0.98,Match,"532 MULBERRY ST, NEWARK, NJ, 07114","-74.176858130312,40.719764997574",Essex County
A0130,554 MARKET ST,Newark,NJ,07205,,,4C,3S.B.,NJOGIS Parcels & MOD-IV Composite,2026-10-01T22:50Z,Newark,"Newark, NJ",NJ > Newark,census_geocoder,0.98,Match,"554 MARKET ST, NEWARK, NJ, 07105","-74.154426811823,40.731588087906",Essex County
A0131,43 POPLAR ST.,Jersey City,NJ,07307,1900,,4C,3S-F-D-6U,NJOGIS Parcels & MOD-IV Composite,2026-10-01T22:50Z,Jersey City,"Jersey City, NJ",NJ > Jersey City,census_geocoder,0.98,Match,"43 POPLAR ST, JERSEY CITY, NJ, 07307","-74.046101194189,40.754136146986",Hudson County
A0132,587 N 6TH ST,Newark,NJ,11205,,,4C,3SB,NJOGIS Parcels & MOD-IV Composite,2026-10-01T22:50Z,Newark,"Newark, NJ",NJ > Newark,census_geocoder,0.98,Match,"587 N 6TH ST, NEWARK, NJ, 07107","-74.181410596224,40.76934816412",Essex County
A0133,8819 LANKERSHIM BLVD,Los Angeles,CA,91352,1956,6,0500,Five or more apartments,LA County eGIS parcels,2026-10-01T22:50Z,Los Angeles,"Los Angeles, CA",CA > Los Angeles,census_geocoder,0.98,Match,"8819 LANKERSHIM BLVD, SUN VALLEY, CA, 91352","-118.387834588124,34.229428423859",Los Angeles County
A0134,101 Norfolk ST,Dorchester,MA,02124,1899,,A/125,SUBSD HOUSING S- 8,Boston Property Assessment FY2026,2026-10-01T22:50Z,Boston,"Boston, MA",MA > Boston,census_geocoder,0.98,Match,"101 NORFOLK ST, DORCHESTER, MA, 02124","-71.076008765993,42.288488914986",Suffolk County
A0135,843 CLAY ST,San Francisco,CA,,1908,29,A15,Apartment 15 Units or more,DataSF wv5m-vpq2 (2025 roll),2026-10-01T22:50Z,San Francisco,"San Francisco, CA",CA > San Francisco,census_geocoder,0.98,Match,"843 CLAY ST, SAN FRANCISCO, CA, 94108","-122.40698604858,37.794118952125",San Francisco County
A0136,920 HUDSON ST,Hoboken,NJ,07030,,,4C,5B-26U-H-CO-OP,NJOGIS Parcels & MOD-IV Composite,2026-10-01T22:50Z,Hoboken,"Hoboken, NJ",NJ > Hoboken,census_geocoder,0.98,Match,"920 HUDSON ST, HOBOKEN, NJ, 07030","-74.026733524669,40.747367988246",Hudson County
A0137,65-71 NORFLOK ST,Newark,NJ,07003,,,4C,3SF5UG,NJOGIS Parcels & MOD-IV Composite,2026-10-01T22:50Z,Newark,"Newark, NJ",NJ > Newark,census_geocoder,0.98,Match,"71 NORFOLK ST, NEWARK, NJ, 07103","-74.182685493475,40.74650540714",Essex County
A0138,1033 E 51ST ST,Los Angeles,CA,90011,1959,5,0500,Five or more apartments,LA County eGIS parcels,2026-10-01T22:50Z,Los Angeles,"Los Angeles, CA",CA > Los Angeles,census_geocoder,0.98,Match,"1033 E 51ST ST, LOS ANGELES, CA, 90011","-118.257577562794,33.996685074769",Los Angeles County
A0139,54 STUYVESANT AVE.,Jersey City,NJ,07042,1910,,4C,3S-F-5U-NH,NJOGIS Parcels & MOD-IV Composite,2026-10-01T22:50Z,Jersey City,"Jersey City, NJ",NJ > Jersey City,census_geocoder,0.98,Match,"54 STUYVESANT AVE, JERSEY CITY, NJ, 07306","-74.071034378592,40.729943720291",Hudson County
A0140,459 BEACON ST,Boston,MA,02115,1910,,A/112,APT 7-30 UNITS,Boston Property Assessment FY2026,2026-10-01T22:50Z,Boston,"Boston, MA",MA > Boston,census_geocoder,0.98,Match,"459 BEACON ST, BOSTON, MA, 02115","-71.088098655836,42.351156189935",Suffolk County
A0141,2601 43RD AV,San Francisco,CA,,1974,8,A5,Apartment 5 to 14 Units,DataSF wv5m-vpq2 (2025 roll),2026-10-01T22:50Z,San Francisco,"San Francisco, CA",CA > San Francisco,census_geocoder,0.98,Match,"2601 43RD AVE, SAN FRANCISCO, CA, 94116","-122.501210314083,37.73813158911",San Francisco County
A0142,4615 AVALON BLVD,Los Angeles,CA,90011,1957,8,0500,Five or more apartments,LA County eGIS parcels,2026-10-01T22:50Z,Los Angeles,"Los Angeles, CA",CA > Los Angeles,census_geocoder,0.98,Match,"4615 AVALON BLVD, LOS ANGELES, CA, 90011","-118.265290530936,34.001426079007",Los Angeles County
A0143,75 ELM HILL AV,Dorchester,MA,02121,,,A/125,SUBSD HOUSING S- 8,Boston Property Assessment FY2026,2026-10-01T22:50Z,Boston,"Boston, MA",MA > Boston,census_geocoder,0.98,Match,"75 ELM HILL AVE, DORCHESTER, MA, 02121","-71.087061380822,42.310212727666",Suffolk County
A0144,112-114 Amory ST,Roxbury,MA,02119,1910,,A/112,APT 7-30 UNITS,Boston Property Assessment FY2026,2026-10-01T22:50Z,Boston,"Boston, MA",MA > Boston,census_geocoder,0.98,Match,"114 AMORY ST, ROXBURY, MA, 02119","-71.100197786289,42.319506233426",Suffolk County
A0145,4515 FELTON ST,San Diego,CA,92116,,8,14,SANDAG asr_landuse 14-16 (5+ units),SANDAG/SanGIS parcels,2026-10-01T22:50Z,San Diego,"San Diego, CA",CA > San Diego,census_geocoder,0.98,Match,"4515 FELTON ST, SAN DIEGO, CA, 92116","-117.121714561521,32.759371284084",San Diego County
A0146,93-95 HAWKINS ST,Newark,NJ,07105,,,4C,2SF3UG,NJOGIS Parcels & MOD-IV Composite,2026-10-01T22:50Z,Newark,"Newark, NJ",NJ > Newark,census_geocoder,0.98,Match,"93-95 HAWKINS ST, NEWARK, NJ, 07105","-74.138947612797,40.727984681112",Essex County
A0147,2850 GOLDEN GATE AV,San Francisco,CA,,1900,5,A5,Apartment 5 to 14 Units,DataSF wv5m-vpq2 (2025 roll),2026-10-01T22:50Z,San Francisco,"San Francisco, CA",CA > San Francisco,census_geocoder,0.98,Match,"2850 GOLDEN GATE AVE, SAN FRANCISCO, CA, 94118","-122.457612633148,37.776358944957",San Francisco County
A0148,162-166 5TH ST,Newark,NJ,07105,,,4C,2.5SF,NJOGIS Parcels & MOD-IV Composite,2026-10-01T22:50Z,Newark,"Newark, NJ",NJ > Newark,census_geocoder,0.98,Match,"166 5TH ST, NEWARK, NJ, 07107","-74.190058099169,40.751386045226",Essex County
A0149,25 Everett ST,East Boston,MA,02128,2023,,A/120,LUXURY APARTMENT,Boston Property Assessment FY2026,2026-10-01T22:50Z,Boston,"Boston, MA",MA > Boston,census_geocoder,0.98,Match,"25 EVERETT ST, EAST BOSTON, MA, 02128","-71.036711056222,42.368309769533",Suffolk County
A0150,3784 E BROADWAY,San Diego,CA,92102,,9,14,SANDAG asr_landuse 14-16 (5+ units),SANDAG/SanGIS parcels,2026-10-01T22:50Z,San Diego,"San Diego, CA",CA > San Diego,census_geocoder,0.98,Match,"3784 BROADWAY, SAN DIEGO, CA, 92102","-117.11184048031,32.716024799043",San Diego County
A0151,16 Queensberry ST,Boston,MA,02215,1899,,A/112,APT 7-30 UNITS,Boston Property Assessment FY2026,2026-10-01T22:50Z,Boston,"Boston, MA",MA > Boston,census_geocoder,0.98,Match,"16 QUEENSBERRY ST, BOSTON, MA, 02215","-71.095965021374,42.343098317562",Suffolk County
A0152,1669 SUNSET CLIFFS BLVD,San Diego,CA,92107,,12,14,SANDAG asr_landuse 14-16 (5+ units),SANDAG/SanGIS parcels,2026-10-01T22:50Z,San Diego,"San Diego, CA",CA > San Diego,census_geocoder,0.98,Match,"1669 SUNSET CLIFFS BLVD, SAN DIEGO, CA, 92107","-117.25076493005,32.74094590948",San Diego County
A0153,366 E 55TH ST,Los Angeles,CA,90011,1924,9,0500,Five or more apartments,LA County eGIS parcels,2026-10-01T22:50Z,Los Angeles,"Los Angeles, CA",CA > Los Angeles,census_geocoder,0.98,Match,"366 E 55TH ST, LOS ANGELES, CA, 90011","-118.268297439622,33.992394354537",Los Angeles County
A0154,4568 IDAHO ST,San Diego,CA,92116,,8,14,SANDAG asr_landuse 14-16 (5+ units),SANDAG/SanGIS parcels,2026-10-01T22:50Z,San Diego,"San Diego, CA",CA > San Diego,census_geocoder,0.98,Match,"4568 IDAHO ST, SAN DIEGO, CA, 92116","-117.133977948208,32.760412374063",San Diego County
A0155,473 Harvard ST,Dorchester,MA,02124,,,A/125,SUBSD HOUSING S- 8,Boston Property Assessment FY2026,2026-10-01T22:50Z,Boston,"Boston, MA",MA > Boston,census_geocoder,0.98,Match,"473 HARVARD ST, DORCHESTER, MA, 02124","-71.09239312943,42.288741879366",Suffolk County
A0156,290 GREEN ST,San Francisco,CA,,1927,9,A5,Apartment 5 to 14 Units,DataSF wv5m-vpq2 (2025 roll),2026-10-01T22:50Z,San Francisco,"San Francisco, CA",CA > San Francisco,postal_city_fallback,0.85,Tie,,,
A0157,2701 RIDGE RD,Berkeley,CA,94709,,,7700,Alameda County use code (5+ units),Alameda County parcels,2026-10-01T22:50Z,Berkeley,"Berkeley, CA",CA > Berkeley,census_geocoder,0.98,Match,"2701 RIDGE RD, BERKELEY, CA, 94709","-122.257026606732,37.876494513292",Alameda County
A0158,2522 HILGARD AVE,Berkeley,CA,94709,,,7700,Alameda County use code (5+ units),Alameda County parcels,2026-10-01T22:50Z,Berkeley,"Berkeley, CA",CA > Berkeley,census_geocoder,0.98,Match,"2522 HILGARD AVE, BERKELEY, CA, 94709","-122.260493108118,37.878591221585",Alameda County
A0159,104 SUNSET AVE,Newark,NJ,11211,,,4C,3SF,NJOGIS Parcels & MOD-IV Composite,2026-10-01T22:50Z,Newark,"Newark, NJ",NJ > Newark,census_geocoder,0.98,Match,"104 SUNSET AVE, NEWARK, NJ, 07106","-74.226709353047,40.74245866913",Essex County
A0160,86 CHARLES ST.,Jersey City,NJ,07642,1918,,4C,3S-B-A-22U,NJOGIS Parcels & MOD-IV Composite,2026-10-01T22:50Z,Jersey City,"Jersey City, NJ",NJ > Jersey City,census_geocoder,0.98,Match,"86 CHARLES ST, JERSEY CITY, NJ, 07307","-74.05173810144,40.749433761671",Hudson County
A0161,317 UNION ST.,Jersey City,NJ,07013,1930,,4C,4S-B-A-21U-H,NJOGIS Parcels & MOD-IV Composite,2026-10-01T22:50Z,Jersey City,"Jersey City, NJ",NJ > Jersey City,census_geocoder,0.98,Match,"317 UNION ST, JERSEY CITY, NJ, 07304","-74.083091056543,40.717916452711",Hudson County
A0162,1640 N POINSETTIA PL,Los Angeles,CA,90046,1987,24,0500,Five or more apartments,LA County eGIS parcels,2026-10-01T22:50Z,Los Angeles,"Los Angeles, CA",CA > Los Angeles,census_geocoder,0.98,Match,"1640 N POINSETTIA PL, LOS ANGELES, CA, 90046","-118.347788965715,34.100552498586",Los Angeles County
A0163,233-235 SECOND ST.,Jersey City,NJ,07042,1870,,4C,3&4S-B&F-14U,NJOGIS Parcels & MOD-IV Composite,2026-10-01T22:50Z,Jersey City,"Jersey City, NJ",NJ > Jersey City,census_geocoder,0.98,Match,"235 2ND ST, JERSEY CITY, NJ, 07302","-74.043552476848,40.722395074274",Hudson County
A0164,725 14TH ST,San Francisco,CA,,1911,6,A5,Apartment 5 to 14 Units,DataSF wv5m-vpq2 (2025 roll),2026-10-01T22:50Z,San Francisco,"San Francisco, CA",CA > San Francisco,census_geocoder,0.98,Match,"725 14TH ST, SAN FRANCISCO, CA, 94114","-122.42951948205,37.76763837901",San Francisco County
A0165,734 JAMAICA CT,San Diego,CA,92109,,8,14,SANDAG asr_landuse 14-16 (5+ units),SANDAG/SanGIS parcels,2026-10-01T22:50Z,San Diego,"San Diego, CA",CA > San Diego,census_geocoder,0.98,Match,"734 JAMAICA CT, SAN DIEGO, CA, 92109","-117.252245356556,32.773642646317",San Diego County
A0166,1 Potter Pk,Cambridge,MA,,1900,5,111,4-8-UNIT-APT,Cambridge Property Database FY2026 (waa7-ibdu),2026-10-01T22:50Z,Cambridge,"Cambridge, MA",MA > Cambridge,census_geocoder,0.98,Match,"1 POTTER PARK, CAMBRIDGE, MA, 02138","-71.12020099261,42.384310248934",Middlesex County
A0167,4616 FLORIDA ST,San Diego,CA,92116,,20,15,SANDAG asr_landuse 14-16 (5+ units),SANDAG/SanGIS parcels,2026-10-01T22:50Z,San Diego,"San Diego, CA",CA > San Diego,census_geocoder,0.98,Match,"4616 FLORIDA ST, SAN DIEGO, CA, 92116","-117.143850889032,32.76124264042",San Diego County
A0168,600 JACKSON/601 HARRISON,Hoboken,NJ,07030,2007,,4C,5B-64U/5B-64U-G,NJOGIS Parcels & MOD-IV Composite,2026-10-01T22:50Z,Hoboken,"Hoboken, NJ",NJ > Hoboken,postal_city_fallback,0.85,No_Match,,,
A0169,115 KILSYTH RD,Brighton,MA,02135,1920,,A/112,APT 7-30 UNITS,Boston Property Assessment FY2026,2026-10-01T22:50Z,Boston,"Boston, MA",MA > Boston,census_geocoder,0.98,Match,"115 KILSYTH RD, BRIGHTON, MA, 02135","-71.146633078674,42.340367940381",Suffolk County
A0170,8917 CEDROS AVE,Los Angeles,CA,91402,1990,32,0500,Five or more apartments,LA County eGIS parcels,2026-10-01T22:50Z,Los Angeles,"Los Angeles, CA",CA > Los Angeles,census_geocoder,0.98,Match,"8917 CEDROS AVE, PANORAMA CITY, CA, 91402","-118.453618335394,34.232064015614",Los Angeles County
A0171,127 OGDEN AVE.,Jersey City,NJ,07660,1910,,4C,3S-B-D-7U-NH,NJOGIS Parcels & MOD-IV Composite,2026-10-01T22:50Z,Jersey City,"Jersey City, NJ",NJ > Jersey City,census_geocoder,0.98,Match,"127 OGDEN AVE, JERSEY CITY, NJ, 07307","-74.04663280324,40.738902438048",Hudson County
A0172,8504 WILLIS AVE,Los Angeles,CA,91402,1960,33,0500,Five or more apartments,LA County eGIS parcels,2026-10-01T22:50Z,Los Angeles,"Los Angeles, CA",CA > Los Angeles,census_geocoder,0.98,Match,"8504 WILLIS AVE, PANORAMA CITY, CA, 91402","-118.455218605953,34.224850838975",Los Angeles County
A0173,13180 FOOTHILL BLVD,Los Angeles,CA,91342,1937,9,0500,Five or more apartments,LA County eGIS parcels,2026-10-01T22:50Z,Los Angeles,"Los Angeles, CA",CA > Los Angeles,census_geocoder,0.98,Match,"13180 FOOTHILL BLVD, SYLMAR, CA, 91342","-118.421538456805,34.299371281369",Los Angeles County
A0174,84 Hampshire St,Cambridge,MA,,1900,19,112,>8-UNIT-APT,Cambridge Property Database FY2026 (waa7-ibdu),2026-10-01T22:50Z,Cambridge,"Cambridge, MA",MA > Cambridge,census_geocoder,0.98,Match,"84 HAMPSHIRE ST, CAMBRIDGE, MA, 02139","-71.0943940217,42.368359091009",Middlesex County
A0175,10 Dover St,Cambridge,MA,,1922,6,111,4-8-UNIT-APT,Cambridge Property Database FY2026 (waa7-ibdu),2026-10-01T22:50Z,Cambridge,"Cambridge, MA",MA > Cambridge,census_geocoder,0.98,Match,"10 DOVER ST, CAMBRIDGE, MA, 02140","-71.126686968537,42.394678131873",Middlesex County
A0176,15 Chester St,Cambridge,MA,,1965,29,112,>8-UNIT-APT,Cambridge Property Database FY2026 (waa7-ibdu),2026-10-01T22:50Z,Cambridge,"Cambridge, MA",MA > Cambridge,census_geocoder,0.98,Match,"15 CHESTER ST, CAMBRIDGE, MA, 02140","-71.124477534158,42.393657148181",Middlesex County
A0177,166 HIGHLAND AVE.,Jersey City,NJ,11201,1912,,4C,3S-F-D-6U-NH,NJOGIS Parcels & MOD-IV Composite,2026-10-01T22:50Z,Jersey City,"Jersey City, NJ",NJ > Jersey City,census_geocoder,0.98,Match,"166 HIGHLAND AVE, JERSEY CITY, NJ, 07306","-74.073105945172,40.729583045817",Hudson County
A0178,5308 RIVERTON AVE,Los Angeles,CA,91601,1961,7,0500,Five or more apartments,LA County eGIS parcels,2026-10-01T22:50Z,Los Angeles,"Los Angeles, CA",CA > Los Angeles,census_geocoder,0.98,Match,"5308 RIVERTON AVE, NORTH HOLLYWOOD, CA, 91601","-118.365290745355,34.166828679585",Los Angeles County
A0179,7006 LANEWOOD AVE,Los Angeles,CA,90028,1958,18,0500,Five or more apartments,LA County eGIS parcels,2026-10-01T22:50Z,Los Angeles,"Los Angeles, CA",CA > Los Angeles,census_geocoder,0.98,Match,"7006 LANEWOOD AVE, LOS ANGELES, CA, 90028","-118.341635208217,34.09915207252",Los Angeles County
A0180,845 S KINGSLEY DR,Los Angeles,CA,90005,1990,33,0500,Five or more apartments,LA County eGIS parcels,2026-10-01T22:50Z,Los Angeles,"Los Angeles, CA",CA > Los Angeles,census_geocoder,0.98,Match,"845 S KINGSLEY DR, LOS ANGELES, CA, 90005","-118.303137913263,34.056870603736",Los Angeles County
A0181,931 GARDEN ST,Hoboken,NJ,07030,,,4C,5B-10U-BA,NJOGIS Parcels & MOD-IV Composite,2026-10-01T22:50Z,Hoboken,"Hoboken, NJ",NJ > Hoboken,census_geocoder,0.98,Match,"931 GARDEN ST, HOBOKEN, NJ, 07030","-74.029444711794,40.748003289428",Hudson County
A0182,911-923 CLINTON ST,Hoboken,NJ,07030,,,4C,"2,5B-90U-H-BA",NJOGIS Parcels & MOD-IV Composite,2026-10-01T22:50Z,Hoboken,"Hoboken, NJ",NJ > Hoboken,census_geocoder,0.98,Match,"923 CLINTON ST, HOBOKEN, NJ, 07030","-74.032259129478,40.748382853996",Hudson County
A0183,2427 HILGARD AVE,Berkeley,CA,94709,,,7700,Alameda County use code (5+ units),Alameda County parcels,2026-10-01T22:50Z,Berkeley,"Berkeley, CA",CA > Berkeley,census_geocoder,0.98,Match,"2427 HILGARD AVE, BERKELEY, CA, 94709","-122.262349376787,37.87845544308",Alameda County
A0184,156 W 32ND ST,Los Angeles,CA,90007,1907,16,0500,Five or more apartments,LA County eGIS parcels,2026-10-01T22:50Z,Los Angeles,"Los Angeles, CA",CA > Los Angeles,census_geocoder,0.98,Match,"156 W 32ND ST, LOS ANGELES, CA, 90007","-118.273514783778,34.020782218595",Los Angeles County
A0185,154 TERHUNE AVE.,Jersey City,NJ,07103,1922,,4C,3S-F-D-6U-NH,NJOGIS Parcels & MOD-IV Composite,2026-10-01T22:50Z,Jersey City,"Jersey City, NJ",NJ > Jersey City,census_geocoder,0.98,Match,"154 TERHUNE AVE, JERSEY CITY, NJ, 07305","-74.096225420442,40.705096415554",Hudson County
A0186,107 BEACON AVE.,Jersey City,NJ,07306,,,4C,3S-F-D-5U-NH,NJOGIS Parcels & MOD-IV Composite,2026-10-01T22:50Z,Jersey City,"Jersey City, NJ",NJ > Jersey City,census_geocoder,0.98,Match,"107 BEACON AVE, JERSEY CITY, NJ, 07306","-74.054827866989,40.736920404507",Hudson County
A0187,146 CARLTON AVE.,Jersey City,NJ,07423,1925,,4C,3S-F-D-6U-NH,NJOGIS Parcels & MOD-IV Composite,2026-10-01T22:50Z,Jersey City,"Jersey City, NJ",NJ > Jersey City,census_geocoder,0.98,Match,"146 CARLTON AVE, JERSEY CITY, NJ, 07306","-74.060798217241,40.744920038222",Hudson County
A0188,2819 MCGEE AVE,Berkeley,CA,94703,,,7700,Alameda County use code (5+ units),Alameda County parcels,2026-10-01T22:50Z,Berkeley,"Berkeley, CA",CA > Berkeley,census_geocoder,0.98,Match,"2819 MCGEE AVE, BERKELEY, CA, 94703","-122.275258218951,37.856959944236",Alameda County
A0189,1811 CARLETON ST,Berkeley,CA,94703,,,7200,Alameda County use code (5+ units),Alameda County parcels,2026-10-01T22:50Z,Berkeley,"Berkeley, CA",CA > Berkeley,census_geocoder,0.98,Match,"1811 CARLETON ST, BERKELEY, CA, 94703","-122.273498335777,37.860487333983",Alameda County
A0190,283 ADAMS ST,Newark,NJ,07105,,,4C,3SB,NJOGIS Parcels & MOD-IV Composite,2026-10-01T22:50Z,Newark,"Newark, NJ",NJ > Newark,census_geocoder,0.98,Match,"283 ADAMS ST, NEWARK, NJ, 07105","-74.16236498265,40.722831839974",Essex County
A0191,60 Kirkland St,Cambridge,MA,,1891,6,111,4-8-UNIT-APT,Cambridge Property Database FY2026 (waa7-ibdu),2026-10-01T22:50Z,Cambridge,"Cambridge, MA",MA > Cambridge,census_geocoder,0.98,Match,"60 KIRKLAND ST, CAMBRIDGE, MA, 02138","-71.110680713996,42.377309547812",Middlesex County
A0192,780 POST ST,San Francisco,CA,,1916,36,A15,Apartment 15 Units or more,DataSF wv5m-vpq2 (2025 roll),2026-10-01T22:50Z,San Francisco,"San Francisco, CA",CA > San Francisco,census_geocoder,0.98,Match,"780 POST ST, SAN FRANCISCO, CA, 94109","-122.414659903737,37.787554937568",San Francisco County
A0193,1626 BONITA AVE,Berkeley,CA,94709,,,7700,Alameda County use code (5+ units),Alameda County parcels,2026-10-01T22:50Z,Berkeley,"Berkeley, CA",CA > Berkeley,census_geocoder,0.98,Match,"1626 BONITA AVE, BERKELEY, CA, 94709","-122.272592199936,37.877436210953",Alameda County
A0194,72 Burbank ST,Boston,MA,02115,2022,,A/125,SUBSD HOUSING S- 8,Boston Property Assessment FY2026,2026-10-01T22:50Z,Boston,"Boston, MA",MA > Boston,census_geocoder,0.98,Match,"72 BURBANK ST, BOSTON, MA, 02115","-71.08932121797,42.34449244891",Suffolk County
A0195,1850-1848 COMMONWEALTH AV,Brighton,MA,02135,1910,,A/112,APT 7-30 UNITS,Boston Property Assessment FY2026,2026-10-01T22:50Z,Boston,"Boston, MA",MA > Boston,census_geocoder,0.98,Match,"1848 COMMONWEALTH AVE, BRIGHTON, MA, 02135","-71.152111420394,42.339062553814",Suffolk County
A0196,16915 BLACKHAWK ST,Los Angeles,CA,91344,1962,30,0501,Five or more apartments,LA County eGIS parcels,2026-10-01T22:50Z,Los Angeles,"Los Angeles, CA",CA > Los Angeles,census_geocoder,0.98,Match,"16915 BLACKHAWK ST, GRANADA HILLS, CA, 91344","-118.500920253647,34.258955182522",Los Angeles County
A0197,1611 62ND ST,Berkeley,CA,94703,,,7200,Alameda County use code (5+ units),Alameda County parcels,2026-10-01T22:50Z,Berkeley,"Berkeley, CA",CA > Berkeley,census_geocoder,0.98,Match,"1611 62ND ST, BERKELEY, CA, 94703","-122.274812039507,37.846527054842",Alameda County
A0198,194 Havre ST,East Boston,MA,02128,2019,,A/112,APT 7-30 UNITS,Boston Property Assessment FY2026,2026-10-01T22:50Z,Boston,"Boston, MA",MA > Boston,census_geocoder,0.98,Match,"194 HAVRE ST, EAST BOSTON, MA, 02128","-71.036497835188,42.374496794147",Suffolk County
A0199,42 Bay State Rd,Cambridge,MA,,2012,5,111,4-8-UNIT-APT,Cambridge Property Database FY2026 (waa7-ibdu),2026-10-01T22:50Z,Cambridge,"Cambridge, MA",MA > Cambridge,census_geocoder,0.98,Match,"42 BAY STATE RD, CAMBRIDGE, MA, 02138","-71.140083871382,42.387191106272",Middlesex County
A0200,1853 N HIGHLAND AVE,Los Angeles,CA,90028,,5,0500,Five or more apartments,LA County eGIS parcels,2026-10-01T22:50Z,Los Angeles,"Los Angeles, CA",CA > Los Angeles,census_geocoder,0.98,Match,"1853 N HIGHLAND AVE, LOS ANGELES, CA, 90028","-118.337549044749,34.105004287023",Los Angeles County
A0201,2737 BENVENUE AVE,Berkeley,CA,94705,,,7700,Alameda County use code (5+ units),Alameda County parcels,2026-10-01T22:50Z,Berkeley,"Berkeley, CA",CA > Berkeley,census_geocoder,0.98,Match,"2737 BENVENUE AVE, BERKELEY, CA, 94705","-122.25463879726,37.861084663474",Alameda County
A0202,1446 JACKSON ST,San Francisco,CA,,1907,6,A5,Apartment 5 to 14 Units,DataSF wv5m-vpq2 (2025 roll),2026-10-01T22:50Z,San Francisco,"San Francisco, CA",CA > San Francisco,census_geocoder,0.98,Match,"1446 JACKSON ST, SAN FRANCISCO, CA, 94109","-122.41889836579,37.794522791984",San Francisco County
A0203,2986-2930 Washington ST,Roxbury,MA,02119,2002,,A/125,SUBSD HOUSING S- 8,Boston Property Assessment FY2026,2026-10-01T22:50Z,Boston,"Boston, MA",MA > Boston,census_geocoder,0.98,Match,"2930 WASHINGTON ST, ROXBURY, MA, 02119","-71.095569636405,42.31845754666",Suffolk County
A0204,202-208 6TH AVE W,Newark,NJ,08736,,,4C,3SB,NJOGIS Parcels & MOD-IV Composite,2026-10-01T22:50Z,Newark,"Newark, NJ",NJ > Newark,census_geocoder,0.98,Match,"208 6TH AVE W, NEWARK, NJ, 07107","-74.186173040995,40.756210023298",Essex County
A0205,2425 GRANT ST,Berkeley,CA,94703,,,7700,Alameda County use code (5+ units),Alameda County parcels,2026-10-01T22:50Z,Berkeley,"Berkeley, CA",CA > Berkeley,census_geocoder,0.98,Match,"2425 GRANT ST, BERKELEY, CA, 94703","-122.274486388915,37.864419418207",Alameda County
A0206,401 43RD AV,San Francisco,CA,,1929,21,A15,Apartment 15 Units or more,DataSF wv5m-vpq2 (2025 roll),2026-10-01T22:50Z,San Francisco,"San Francisco, CA",CA > San Francisco,census_geocoder,0.98,Match,"401 43RD AVE, SAN FRANCISCO, CA, 94121","-122.504228232138,37.78106651207",San Francisco County
A0207,705 W 23RD ST,Los Angeles,CA,90007,1901,10,0500,Five or more apartments,LA County eGIS parcels,2026-10-01T22:50Z,Los Angeles,"Los Angeles, CA",CA > Los Angeles,census_geocoder,0.98,Match,"705 W 23RD ST, LOS ANGELES, CA, 90007","-118.276733095547,34.032030548439",Los Angeles County
A0208,126 ADAMS ST,Hoboken,NJ,07604,,,4C,4B-8U,NJOGIS Parcels & MOD-IV Composite,2026-10-01T22:50Z,Hoboken,"Hoboken, NJ",NJ > Hoboken,census_geocoder,0.98,Match,"126 ADAMS ST, HOBOKEN, NJ, 07030","-74.037275318111,40.738937251272",Hudson County
A0209,19 Trowbridge St,Cambridge,MA,,1910,6,111,4-8-UNIT-APT,Cambridge Property Database FY2026 (waa7-ibdu),2026-10-01T22:50Z,Cambridge,"Cambridge, MA",MA > Cambridge,census_geocoder,0.98,Match,"19 TROWBRIDGE ST, CAMBRIDGE, MA, 02138","-71.11237412069,42.371041072612",Middlesex County
A0210,1432 N CURSON AVE,Los Angeles,CA,90046,2016,9,0500,Five or more apartments,LA County eGIS parcels,2026-10-01T22:50Z,Los Angeles,"Los Angeles, CA",CA > Los Angeles,census_geocoder,0.98,Match,"1432 N CURSON AVE, LOS ANGELES, CA, 90046","-118.354938535163,34.096815880701",Los Angeles County
A0211,499 BEACON ST,Boston,MA,02215,1899,,A/112,APT 7-30 UNITS,Boston Property Assessment FY2026,2026-10-01T22:50Z,Boston,"Boston, MA",MA > Boston,census_geocoder,0.98,Match,"499 BEACON ST, BOSTON, MA, 02215","-71.089845858115,42.350692439566",Suffolk County
A0212,1311 SOUTH VAN NESS AV,San Francisco,CA,,1900,5,A5,Apartment 5 to 14 Units,DataSF wv5m-vpq2 (2025 roll),2026-10-01T22:50Z,San Francisco,"San Francisco, CA",CA > San Francisco,census_geocoder,0.98,Match,"1311 S VAN NESS AVE, SAN FRANCISCO, CA, 94110","-122.4161731875,37.752168513331",San Francisco County
A0213,11649 ACAMA ST,Los Angeles,CA,91604,1986,7,0500,Five or more apartments,LA County eGIS parcels,2026-10-01T22:50Z,Los Angeles,"Los Angeles, CA",CA > Los Angeles,census_geocoder,0.98,Match,"11649 ACAMA ST, STUDIO CITY, CA, 91604","-118.386856598286,34.145584078078",Los Angeles County
A0214,358 Harvard St,Cambridge,MA,,1900,6,111,4-8-UNIT-APT,Cambridge Property Database FY2026 (waa7-ibdu),2026-10-01T22:50Z,Cambridge,"Cambridge, MA",MA > Cambridge,census_geocoder,0.98,Match,"358 HARVARD ST, CAMBRIDGE, MA, 02138","-71.110911398922,42.371082219474",Middlesex County
A0215,2295 CALIFORNIA ST,San Francisco,CA,,1924,21,A15,Apartment 15 Units or more,DataSF wv5m-vpq2 (2025 roll),2026-10-01T22:50Z,San Francisco,"San Francisco, CA",CA > San Francisco,census_geocoder,0.98,Match,"2295 CALIFORNIA ST, SAN FRANCISCO, CA, 94115","-122.432052589153,37.789075325053",San Francisco County
A0216,2309 HASTE ST,Berkeley,CA,94704,,,7700,Alameda County use code (5+ units),Alameda County parcels,2026-10-01T22:50Z,Berkeley,"Berkeley, CA",CA > Berkeley,census_geocoder,0.98,Match,"2309 HASTE ST, BERKELEY, CA, 94704","-122.262957356662,37.865531910644",Alameda County
A0217,170-172 Maverick ST,East Boston,MA,02128,2011,,A/125,SUBSD HOUSING S- 8,Boston Property Assessment FY2026,2026-10-01T22:50Z,Boston,"Boston, MA",MA > Boston,census_geocoder,0.98,Match,"172 MAVERICK ST, EAST BOSTON, MA, 02128","-71.037362951665,42.369519627611",Suffolk County
A0218,15 Richdale Ave,Cambridge,MA,,1910,46,112,>8-UNIT-APT,Cambridge Property Database FY2026 (waa7-ibdu),2026-10-01T22:50Z,Cambridge,"Cambridge, MA",MA > Cambridge,census_geocoder,0.98,Match,"15 RICHDALE AVE, CAMBRIDGE, MA, 02140","-71.121620396425,42.388324409245",Middlesex County
A0219,3735 32ND ST,San Diego,CA,92104,,8,14,SANDAG asr_landuse 14-16 (5+ units),SANDAG/SanGIS parcels,2026-10-01T22:50Z,San Diego,"San Diego, CA",CA > San Diego,census_geocoder,0.98,Match,"3735 32ND ST, SAN DIEGO, CA, 92104","-117.124937736826,32.746245203063",San Diego County
A0220,21-23 Faulkner ST,Dorchester,MA,02122,1900,,A/125,SUBSD HOUSING S- 8,Boston Property Assessment FY2026,2026-10-01T22:50Z,Boston,"Boston, MA",MA > Boston,census_geocoder,0.98,Match,"23 FAULKNER ST, DORCHESTER, MA, 02122","-71.061535322591,42.29951865269",Suffolk County
A0221,191 Park DR,Boston,MA,02215,1910,,A/112,APT 7-30 UNITS,Boston Property Assessment FY2026,2026-10-01T22:50Z,Boston,"Boston, MA",MA > Boston,census_geocoder,0.98,Match,"191 PARK DR, BOSTON, MA, 02215","-71.100162328229,42.341033010088",Suffolk County
A0222,1901 VALLEJO ST,San Francisco,CA,,1960,8,A5,Apartment 5 to 14 Units,DataSF wv5m-vpq2 (2025 roll),2026-10-01T22:50Z,San Francisco,"San Francisco, CA",CA > San Francisco,census_geocoder,0.98,Match,"1901 VALLEJO ST, SAN FRANCISCO, CA, 94123","-122.428597910742,37.795996387914",San Francisco County
A0223,504 COURT ST,Hoboken,NJ,07030,,,4C,4B-5U-H-BA,NJOGIS Parcels & MOD-IV Composite,2026-10-01T22:50Z,Hoboken,"Hoboken, NJ",NJ > Hoboken,census_geocoder,0.98,Match,"504 COURT ST, HOBOKEN, NJ, 07030","-74.028940035026,40.742214718476",Hudson County
A0224,8727 TOBIAS AVE,Los Angeles,CA,91402,1960,13,0500,Five or more apartments,LA County eGIS parcels,2026-10-01T22:50Z,Los Angeles,"Los Angeles, CA",CA > Los Angeles,census_geocoder,0.98,Match,"8727 TOBIAS AVE, PANORAMA CITY, CA, 91402","-118.451718756162,34.228507480493",Los Angeles County
A0225,1627 JACKSON ST,San Francisco,CA,,1913,9,A5,Apartment 5 to 14 Units,DataSF wv5m-vpq2 (2025 roll),2026-10-01T22:50Z,San Francisco,"San Francisco, CA",CA > San Francisco,census_geocoder,0.98,Match,"1627 JACKSON ST, SAN FRANCISCO, CA, 94109","-122.421842293682,37.794030087633",San Francisco County
A0226,663 MASSACHUSETTS AV,Boston,MA,02118,1905,,A/125,SUBSD HOUSING S- 8,Boston Property Assessment FY2026,2026-10-01T22:50Z,Boston,"Boston, MA",MA > Boston,census_geocoder,0.98,Match,"663 MASSACHUSETTS AVE, BOSTON, MA, 02118","-71.0764696579,42.335912589034",Suffolk County
A0227,1401 HUDSON ST,Hoboken,NJ,07030,2010,2,4C,13B-93U-2C-G,NJOGIS Parcels & MOD-IV Composite,2026-10-01T22:50Z,Hoboken,"Hoboken, NJ",NJ > Hoboken,census_geocoder,0.98,Match,"1401 HUDSON ST, HOBOKEN, NJ, 07030","-74.025132220092,40.752162276083",Hudson County
A0228,225 COLLINGWOOD ST,San Francisco,CA,,1907,5,A5,Apartment 5 to 14 Units,DataSF wv5m-vpq2 (2025 roll),2026-10-01T22:50Z,San Francisco,"San Francisco, CA",CA > San Francisco,census_geocoder,0.98,Match,"225 COLLINGWOOD ST, SAN FRANCISCO, CA, 94114","-122.43584550357,37.758806229242",San Francisco County
A0229,5164 03RD ST,San Francisco,CA,,1914,6,A5,Apartment 5 to 14 Units,DataSF wv5m-vpq2 (2025 roll),2026-10-01T22:50Z,San Francisco,"San Francisco, CA",CA > San Francisco,postal_city_fallback,0.85,No_Match,,,
A0230,85 Hancock St,Cambridge,MA,,1996,18,112,>8-UNIT-APT,Cambridge Property Database FY2026 (waa7-ibdu),2026-10-01T22:50Z,Cambridge,"Cambridge, MA",MA > Cambridge,census_geocoder,0.98,Match,"85 HANCOCK ST, CAMBRIDGE, MA, 02139","-71.10823462185,42.36894090845",Middlesex County
A0231,521 ARGUELLO BL,San Francisco,CA,,1971,6,A5,Apartment 5 to 14 Units,DataSF wv5m-vpq2 (2025 roll),2026-10-01T22:50Z,San Francisco,"San Francisco, CA",CA > San Francisco,census_geocoder,0.98,Match,"521 ARGUELLO BLVD, SAN FRANCISCO, CA, 94118","-122.458904742326,37.780784398048",San Francisco County
A0232,189 Third St,Cambridge,MA,,1900,6,111,4-8-UNIT-APT,Cambridge Property Database FY2026 (waa7-ibdu),2026-10-01T22:50Z,Cambridge,"Cambridge, MA",MA > Cambridge,census_geocoder,0.98,Match,"189 3RD ST, CAMBRIDGE, MA, 02141","-71.080956110328,42.367926768436",Middlesex County
A0233,30 MEDFIELD ST,Boston,MA,02215,1920,,A/112,APT 7-30 UNITS,Boston Property Assessment FY2026,2026-10-01T22:50Z,Boston,"Boston, MA",MA > Boston,census_geocoder,0.98,Match,"30 MEDFIELD ST, BOSTON, MA, 02215","-71.105981333095,42.345263577025",Suffolk County
A0234,2212 BLAKE ST,Berkeley,CA,94704,,,7700,Alameda County use code (5+ units),Alameda County parcels,2026-10-01T22:50Z,Berkeley,"Berkeley, CA",CA > Berkeley,census_geocoder,0.98,Match,"2212 BLAKE ST, BERKELEY, CA, 94704","-122.26472014852,37.863354369764",Alameda County
A0235,6736 SELMA AVE,Los Angeles,CA,90028,,,050V,Five or more apartments,LA County eGIS parcels,2026-10-01T22:50Z,Los Angeles,"Los Angeles, CA",CA > Los Angeles,census_geocoder,0.98,Match,"6736 SELMA AVE, LOS ANGELES, CA, 90028","-118.337259232832,34.099644694718",Los Angeles County
A0236,1110 JACKSON ST,San Francisco,CA,,1961,9,A5,Apartment 5 to 14 Units,DataSF wv5m-vpq2 (2025 roll),2026-10-01T22:50Z,San Francisco,"San Francisco, CA",CA > San Francisco,census_geocoder,0.98,Match,"1110 JACKSON ST, SAN FRANCISCO, CA, 94133","-122.41341354471,37.795227211112",San Francisco County
A0237,36 VALLEY ST,San Francisco,CA,,1927,12,A5,Apartment 5 to 14 Units,DataSF wv5m-vpq2 (2025 roll),2026-10-01T22:50Z,San Francisco,"San Francisco, CA",CA > San Francisco,census_geocoder,0.98,Match,"36 VALLEY ST, SAN FRANCISCO, CA, 94110","-122.423160521356,37.744772339215",San Francisco County
A0238,15256 ACRE ST,Los Angeles,CA,91343,1957,6,0500,Five or more apartments,LA County eGIS parcels,2026-10-01T22:50Z,Los Angeles,"Los Angeles, CA",CA > Los Angeles,census_geocoder,0.98,Match,"15256 ACRE ST, NORTH HILLS, CA, 91343","-118.465059354597,34.229903219394",Los Angeles County
A0239,1476 UNIVERSITY AVE,Berkeley,CA,94702,,,7700,Alameda County use code (5+ units),Alameda County parcels,2026-10-01T22:50Z,Berkeley,"Berkeley, CA",CA > Berkeley,census_geocoder,0.98,Match,"1476 UNIVERSITY AVE, BERKELEY, CA, 94702","-122.282479272768,37.870240703252",Alameda County
A0240,4135 38TH ST,San Diego,CA,92105,,7,14,SANDAG asr_landuse 14-16 (5+ units),SANDAG/SanGIS parcels,2026-10-01T22:50Z,San Diego,"San Diego, CA",CA > San Diego,census_geocoder,0.98,Match,"4135 38TH ST, SAN DIEGO, CA, 92105","-117.111779263182,32.752138713798",San Diego County
A0241,913 GARDEN ST,Hoboken,NJ,07030,,,4C,5B-14U-H-BA,NJOGIS Parcels & MOD-IV Composite,2026-10-01T22:50Z,Hoboken,"Hoboken, NJ",NJ > Hoboken,census_geocoder,0.98,Match,"913 GARDEN ST, HOBOKEN, NJ, 07030","-74.029507685512,40.747790932129",Hudson County
A0242,85-87 SIERRA RD,Hyde Park,MA,02136,1960,,A/112,APT 7-30 UNITS,Boston Property Assessment FY2026,2026-10-01T22:50Z,Boston,"Boston, MA",MA > Boston,census_geocoder,0.98,Match,"87 SIERRA RD, HYDE PARK, MA, 02136","-71.126219924108,42.23648761117",Suffolk County
A0243,664 OCEAN AVE.,Jersey City,NJ,07305,1910,,4C,3S+BT-F-6U,NJOGIS Parcels & MOD-IV Composite,2026-10-01T22:50Z,Jersey City,"Jersey City, NJ",NJ > Jersey City,census_geocoder,0.98,Match,"664 OCEAN AVE, JERSEY CITY, NJ, 07305","-74.076659540243,40.709014299361",Hudson County
A0244,1126 HUDSON ST,Hoboken,NJ,07030,,,4C,5B-12U-1BX-H-BA,NJOGIS Parcels & MOD-IV Composite,2026-10-01T22:50Z,Hoboken,"Hoboken, NJ",NJ > Hoboken,census_geocoder,0.98,Match,"1126 HUDSON ST, HOBOKEN, NJ, 07030","-74.025921583962,40.75007710711",Hudson County
A0245,30 WEST HOWELL ST M-D,Dorchester,MA,02125,2018,,A/120,LUXURY APARTMENT,Boston Property Assessment FY2026,2026-10-01T22:50Z,Boston,"Boston, MA",MA > Boston,census_geocoder,0.98,Match,"30 W HOWELL ST, DORCHESTER, MA, 02125","-71.059503187262,42.325356355842",Suffolk County
A0246,4386 COPELAND AVE,San Diego,CA,92105,,8,14,SANDAG asr_landuse 14-16 (5+ units),SANDAG/SanGIS parcels,2026-10-01T22:50Z,San Diego,"San Diego, CA",CA > San Diego,census_geocoder,0.98,Match,"4386 COPELAND AVE, SAN DIEGO, CA, 92105","-117.104047557974,32.756800937083",San Diego County
A0247,4957 CAPE MAY AVE,San Diego,CA,92107,,10,14,SANDAG asr_landuse 14-16 (5+ units),SANDAG/SanGIS parcels,2026-10-01T22:50Z,San Diego,"San Diego, CA",CA > San Diego,census_geocoder,0.98,Match,"4957 CAPE MAY AVE, SAN DIEGO, CA, 92107","-117.248171449465,32.748875084016",San Diego County
A0248,941 S KENMORE AVE,Los Angeles,CA,90006,1923,24,0500,Five or more apartments,LA County eGIS parcels,2026-10-01T22:50Z,Los Angeles,"Los Angeles, CA",CA > Los Angeles,census_geocoder,0.98,Match,"941 S KENMORE AVE, LOS ANGELES, CA, 90006","-118.296589306557,34.054561165408",Los Angeles County
A0249,498-500 HAWTHORNE AVE,Newark,NJ,10013,,,4C,3SF4UG,NJOGIS Parcels & MOD-IV Composite,2026-10-01T22:50Z,Newark,"Newark, NJ",NJ > Newark,census_geocoder,0.98,Match,"500 HAWTHORNE AVE, NEWARK, NJ, 07112","-74.215280471054,40.719775769166",Essex County
A0250,211 BALDWIN AVE.,Jersey City,NJ,07002,,,4C,6S-B+F-45U-17G,NJOGIS Parcels & MOD-IV Composite,2026-10-01T22:50Z,Jersey City,"Jersey City, NJ",NJ > Jersey City,census_geocoder,0.98,Match,"211 BALDWIN AVE, JERSEY CITY, NJ, 07306","-74.060120792112,40.729192320523",Hudson County
A0251,4663 33RD ST,San Diego,CA,92116,,8,14,SANDAG asr_landuse 14-16 (5+ units),SANDAG/SanGIS parcels,2026-10-01T22:50Z,San Diego,"San Diego, CA",CA > San Diego,census_geocoder,0.98,Match,"4663 33RD ST, SAN DIEGO, CA, 92116","-117.122794711786,32.762436259509",San Diego County
A0252,15514 CHASE ST,Los Angeles,CA,91343,1984,6,0500,Five or more apartments,LA County eGIS parcels,2026-10-01T22:50Z,Los Angeles,"Los Angeles, CA",CA > Los Angeles,census_geocoder,0.98,Match,"15514 CHASE ST, NORTH HILLS, CA, 91343","-118.470326035112,34.224605812398",Los Angeles County
A0253,2250 NORTH POINT ST,San Francisco,CA,,1928,7,A5,Apartment 5 to 14 Units,DataSF wv5m-vpq2 (2025 roll),2026-10-01T22:50Z,San Francisco,"San Francisco, CA",CA > San Francisco,census_geocoder,0.98,Match,"2250 N POINT ST, SAN FRANCISCO, CA, 94123","-122.444275084577,37.802722582821",San Francisco County
A0254,805 WASHINGTON ST,Hoboken,NJ,07030,,,4C,4B-9U-H-BA,NJOGIS Parcels & MOD-IV Composite,2026-10-01T22:50Z,Hoboken,"Hoboken, NJ",NJ > Hoboken,census_geocoder,0.98,Match,"805 WASHINGTON ST, HOBOKEN, NJ, 07030","-74.028189698217,40.746063788663",Hudson County
A0255,851 E 51ST ST,Los Angeles,CA,90011,1923,8,0500,Five or more apartments,LA County eGIS parcels,2026-10-01T22:50Z,Los Angeles,"Los Angeles, CA",CA > Los Angeles,census_geocoder,0.98,Match,"851 E 51ST ST, LOS ANGELES, CA, 90011","-118.260152086488,33.996666263731",Los Angeles County
A0256,327 JACKSON ST,Hoboken,NJ,07017,,,4C,5B-20U-H,NJOGIS Parcels & MOD-IV Composite,2026-10-01T22:50Z,Hoboken,"Hoboken, NJ",NJ > Hoboken,census_geocoder,0.98,Match,"327 JACKSON ST, HOBOKEN, NJ, 07030","-74.0400671093,40.742101329412",Hudson County
A0257,5 COMMER CT,San Francisco,CA,,,6,A5,Apartment 5 to 14 Units,DataSF wv5m-vpq2 (2025 roll),2026-10-01T22:50Z,San Francisco,"San Francisco, CA",CA > San Francisco,census_geocoder,0.98,Match,"5 COMMER CT, SAN FRANCISCO, CA, 94124","-122.384674255589,37.732351895037",San Francisco County
A0258,471 COLUMBIA RD,Dorchester,MA,02125,1930,,A/125,SUBSD HOUSING S- 8,Boston Property Assessment FY2026,2026-10-01T22:50Z,Boston,"Boston, MA",MA > Boston,census_geocoder,0.98,Match,"471 COLUMBIA RD, DORCHESTER, MA, 02125","-71.067499784037,42.314021035494",Suffolk County
A0259,872 NORTH POINT ST,San Francisco,CA,,1900,5,FS5,Flat & Store 5 to 14 units,DataSF wv5m-vpq2 (2025 roll),2026-10-01T22:50Z,San Francisco,"San Francisco, CA",CA > San Francisco,census_geocoder,0.98,Match,"872 N POINT ST, SAN FRANCISCO, CA, 94109","-122.421551166436,37.805617181224",San Francisco County
A0260,2479 LE CONTE AVE,Berkeley,CA,94709,,,7700,Alameda County use code (5+ units),Alameda County parcels,2026-10-01T22:50Z,Berkeley,"Berkeley, CA",CA > Berkeley,census_geocoder,0.98,Match,"2479 LE CONTE AVE, BERKELEY, CA, 94709","-122.261370866713,37.87682628993",Alameda County
A0261,525 ADAMS ST,Hoboken,NJ,07030,,,4C,5B-1OU,NJOGIS Parcels & MOD-IV Composite,2026-10-01T22:50Z,Hoboken,"Hoboken, NJ",NJ > Hoboken,census_geocoder,0.98,Match,"525 ADAMS ST, HOBOKEN, NJ, 07030","-74.03569006655,40.743627056924",Hudson County
A0262,2924 E JUNIPER ST,San Diego,CA,92104,,18,15,SANDAG asr_landuse 14-16 (5+ units),SANDAG/SanGIS parcels,2026-10-01T22:50Z,San Diego,"San Diego, CA",CA > San Diego,census_geocoder,0.98,Match,"2924 JUNIPER ST, SAN DIEGO, CA, 92104","-117.13126954968,32.729713456435",San Diego County
A0263,1636 M L KING JR WAY,Berkeley,CA,94709,,,7700,Alameda County use code (5+ units),Alameda County parcels,2026-10-01T22:50Z,Berkeley,"Berkeley, CA",CA > Berkeley,census_geocoder,0.98,Match,"1636 MARTIN LUTHER KING JR WAY, BERKELEY, CA, 94709","-122.273753258644,37.877104430999",Alameda County
A0264,583-589 ELIZABETH AVE,Newark,NJ,11516,,,4C,5SB,NJOGIS Parcels & MOD-IV Composite,2026-10-01T22:50Z,Newark,"Newark, NJ",NJ > Newark,census_geocoder,0.98,Match,"589 ELIZABETH AVE, NEWARK, NJ, 07112","-74.203997082351,40.706702590971",Essex County
A0265,102 BALDWIN AVE.,Jersey City,NJ,07306,1912,,4C,3S-B-A-13U-H,NJOGIS Parcels & MOD-IV Composite,2026-10-01T22:50Z,Jersey City,"Jersey City, NJ",NJ > Jersey City,census_geocoder,0.98,Match,"102 BALDWIN AVE, JERSEY CITY, NJ, 07306","-74.062860646313,40.725395005355",Hudson County
A0266,52 BRIGHT ST.,Jersey City,NJ,10016,,,4C,4S-B-D-8U-NH,NJOGIS Parcels & MOD-IV Composite,2026-10-01T22:50Z,Jersey City,"Jersey City, NJ",NJ > Jersey City,census_geocoder,0.98,Match,"52 BRIGHT ST, JERSEY CITY, NJ, 07302","-74.04716146876,40.716964287987",Hudson County
A0267,1314 N VAN NESS AVE,Los Angeles,CA,90028,,,050V,Five or more apartments,LA County eGIS parcels,2026-10-01T22:50Z,Los Angeles,"Los Angeles, CA",CA > Los Angeles,census_geocoder,0.98,Match,"1314 N VAN NESS AVE, LOS ANGELES, CA, 90038","-118.31568631956,34.095065338349",Los Angeles County
A0268,1848 FRANKLIN ST,San Francisco,CA,,1914,7,A5,Apartment 5 to 14 Units,DataSF wv5m-vpq2 (2025 roll),2026-10-01T22:50Z,San Francisco,"San Francisco, CA",CA > San Francisco,census_geocoder,0.98,Match,"1848 FRANKLIN ST, SAN FRANCISCO, CA, 94109","-122.42417782805,37.791524228684",San Francisco County
A0269,1015 CLINTON ST,Hoboken,NJ,10003,,,4C,5B-14U,NJOGIS Parcels & MOD-IV Composite,2026-10-01T22:50Z,Hoboken,"Hoboken, NJ",NJ > Hoboken,census_geocoder,0.98,Match,"1015 CLINTON ST, HOBOKEN, NJ, 07030","-74.031887796981,40.749581279292",Hudson County
A0270,29 CONCORD ST,Jersey City,NJ,07306,1890,,4C,4S-B-8U-H,NJOGIS Parcels & MOD-IV Composite,2026-10-01T22:50Z,Jersey City,"Jersey City, NJ",NJ > Jersey City,census_geocoder,0.98,Match,"29 CONCORD ST, JERSEY CITY, NJ, 07306","-74.052574845456,40.733442605846",Hudson County
A0271,4115 LINCOLN WY,San Francisco,CA,,1928,13,A5,Apartment 5 to 14 Units,DataSF wv5m-vpq2 (2025 roll),2026-10-01T22:50Z,San Francisco,"San Francisco, CA",CA > San Francisco,census_geocoder,0.98,Match,"4115 LINCOLN WAY, SAN FRANCISCO, CA, 94122","-122.502100180635,37.764244000512",San Francisco County
A0272,5 Everett St,Cambridge,MA,,1890,6,111,4-8-UNIT-APT,Cambridge Property Database FY2026 (waa7-ibdu),2026-10-01T22:50Z,Cambridge,"Cambridge, MA",MA > Cambridge,census_geocoder,0.98,Match,"5 EVERETT ST, CAMBRIDGE, MA, 02138","-71.11923068717,42.380002159495",Middlesex County
A0273,3911 CENTRE ST,San Diego,CA,92103,,10,14,SANDAG asr_landuse 14-16 (5+ units),SANDAG/SanGIS parcels,2026-10-01T22:50Z,San Diego,"San Diego, CA",CA > San Diego,census_geocoder,0.98,Match,"3911 CENTRE ST, SAN DIEGO, CA, 92103","-117.147965593551,32.749136257741",San Diego County
A0274,7072 EASTMAN ST,San Diego,CA,92111,,6,14,SANDAG asr_landuse 14-16 (5+ units),SANDAG/SanGIS parcels,2026-10-01T22:50Z,San Diego,"San Diego, CA",CA > San Diego,census_geocoder,0.98,Match,"7072 EASTMAN ST, SAN DIEGO, CA, 92111","-117.168439360297,32.789776238445",San Diego County
A0275,4091 MORRELL ST,San Diego,CA,92109,,7,14,SANDAG asr_landuse 14-16 (5+ units),SANDAG/SanGIS parcels,2026-10-01T22:50Z,San Diego,"San Diego, CA",CA > San Diego,census_geocoder,0.98,Match,"4091 MORRELL ST, SAN DIEGO, CA, 92109","-117.231646719173,32.795607414483",San Diego County
A0276,4361 ILLINOIS ST,San Diego,CA,92104,,6,14,SANDAG asr_landuse 14-16 (5+ units),SANDAG/SanGIS parcels,2026-10-01T22:50Z,San Diego,"San Diego, CA",CA > San Diego,census_geocoder,0.98,Match,"4361 ILLINOIS ST, SAN DIEGO, CA, 92104","-117.127636770855,32.756358147896",San Diego County
A0277,2736 GRANT ST,Berkeley,CA,94703,,,7700,Alameda County use code (5+ units),Alameda County parcels,2026-10-01T22:50Z,Berkeley,"Berkeley, CA",CA > Berkeley,census_geocoder,0.98,Match,"2736 GRANT ST, BERKELEY, CA, 94703","-122.273424660577,37.85849365947",Alameda County
A0278,1800 FRANKLIN ST,San Francisco,CA,,1919,17,A15,Apartment 15 Units or more,DataSF wv5m-vpq2 (2025 roll),2026-10-01T22:50Z,San Francisco,"San Francisco, CA",CA > San Francisco,census_geocoder,0.98,Match,"1800 FRANKLIN ST, SAN FRANCISCO, CA, 94109","-122.424100965563,37.791146664293",San Francisco County
A0279,90 KENSINGTON AVE.,Jersey City,NJ,07302,1925,,4C,4S-B-A-17U,NJOGIS Parcels & MOD-IV Composite,2026-10-01T22:50Z,Jersey City,"Jersey City, NJ",NJ > Jersey City,postal_city_fallback,0.85,Tie,,,
A0280,1215 11TH AV,San Francisco,CA,,1971,6,A5,Apartment 5 to 14 Units,DataSF wv5m-vpq2 (2025 roll),2026-10-01T22:50Z,San Francisco,"San Francisco, CA",CA > San Francisco,census_geocoder,0.98,Match,"1215 11TH AVE, SAN FRANCISCO, CA, 94122","-122.468630232306,37.76547270684",San Francisco County
A0281,1725 N GOWER ST,Los Angeles,CA,90028,1946,20,0500,Five or more apartments,LA County eGIS parcels,2026-10-01T22:50Z,Los Angeles,"Los Angeles, CA",CA > Los Angeles,census_geocoder,0.98,Match,"1725 N GOWER ST, LOS ANGELES, CA, 90028","-118.32242566214,34.102103469042",Los Angeles County
A0282,2240 10TH ST,Berkeley,CA,94710,,,7700,Alameda County use code (5+ units),Alameda County parcels,2026-10-01T22:50Z,Berkeley,"Berkeley, CA",CA > Berkeley,census_geocoder,0.98,Match,"2240 10TH ST, BERKELEY, CA, 94710","-122.292299289201,37.865429346313",Alameda County
A0283,90 BARTLETT ST,San Francisco,CA,,1986,51,A15,Apartment 15 Units or more,DataSF wv5m-vpq2 (2025 roll),2026-10-01T22:50Z,San Francisco,"San Francisco, CA",CA > San Francisco,census_geocoder,0.98,Match,"90 BARTLETT ST, SAN FRANCISCO, CA, 94110","-122.41994757491,37.755542885749",San Francisco County
A0284,345 Columbia St,Cambridge,MA,,1920,9,112,>8-UNIT-APT,Cambridge Property Database FY2026 (waa7-ibdu),2026-10-01T22:50Z,Cambridge,"Cambridge, MA",MA > Cambridge,census_geocoder,0.98,Match,"345 COLUMBIA ST, CAMBRIDGE, MA, 02141","-71.095359909702,42.371521199602",Middlesex County
A0285,5255 HARMONY AVE,Los Angeles,CA,91601,,8,0500,Five or more apartments,LA County eGIS parcels,2026-10-01T22:50Z,Los Angeles,"Los Angeles, CA",CA > Los Angeles,census_geocoder,0.98,Match,"5255 HARMONY AVE, NORTH HOLLYWOOD, CA, 91601","-118.366517318934,34.165894818542",Los Angeles County
A0286,27 Irving Ter,Cambridge,MA,,1925,29,112,>8-UNIT-APT,Cambridge Property Database FY2026 (waa7-ibdu),2026-10-01T22:50Z,Cambridge,"Cambridge, MA",MA > Cambridge,census_geocoder,0.98,Match,"27 IRVING TER, CAMBRIDGE, MA, 02138","-71.111412032264,42.375840853959",Middlesex County
A0287,404 GRAND ST,Hoboken,NJ,07075,,,4C,4B-7U-H-BA,NJOGIS Parcels & MOD-IV Composite,2026-10-01T22:50Z,Hoboken,"Hoboken, NJ",NJ > Hoboken,census_geocoder,0.98,Match,"404 GRAND ST, HOBOKEN, NJ, 07030","-74.035272884466,40.742295062797",Hudson County
A0288,75 CLENDENNY AVE.,Jersey City,NJ,11211,,,4C,3S-B-12U,NJOGIS Parcels & MOD-IV Composite,2026-10-01T22:50Z,Jersey City,"Jersey City, NJ",NJ > Jersey City,census_geocoder,0.98,Match,"75 CLENDENNY AVE, JERSEY CITY, NJ, 07304","-74.0811726863,40.718013229375",Hudson County
A0289,1741 M L KING JR WAY,Berkeley,CA,94709,,,7700,Alameda County use code (5+ units),Alameda County parcels,2026-10-01T22:50Z,Berkeley,"Berkeley, CA",CA > Berkeley,census_geocoder,0.98,Match,"1741 MARTIN LUTHER KING JR WAY, BERKELEY, CA, 94709","-122.273285380013,37.874873789784",Alameda County
A0290,21 Forest St,Cambridge,MA,,1880,10,112,>8-UNIT-APT,Cambridge Property Database FY2026 (waa7-ibdu),2026-10-01T22:50Z,Cambridge,"Cambridge, MA",MA > Cambridge,census_geocoder,0.98,Match,"21 FOREST ST, CAMBRIDGE, MA, 02140","-71.116197964756,42.385243189976",Middlesex County
A0291,165 Cambridgepark Dr,Cambridge,MA,,2014,244,112,>8-UNIT-APT,Cambridge Property Database FY2026 (waa7-ibdu),2026-10-01T22:50Z,Cambridge,"Cambridge, MA",MA > Cambridge,postal_city_fallback,0.85,Tie,,,
A0292,24 Berkshire St,Cambridge,MA,,2019,6,111,4-8-UNIT-APT,Cambridge Property Database FY2026 (waa7-ibdu),2026-10-01T22:50Z,Cambridge,"Cambridge, MA",MA > Cambridge,census_geocoder,0.98,Match,"24 BERKSHIRE ST, CAMBRIDGE, MA, 02141","-71.091628846996,42.368859452865",Middlesex County
A0293,1314 NATOMA ST,San Francisco,CA,,1907,6,A5,Apartment 5 to 14 Units,DataSF wv5m-vpq2 (2025 roll),2026-10-01T22:50Z,San Francisco,"San Francisco, CA",CA > San Francisco,census_geocoder,0.98,Match,"1314 NATOMA ST, SAN FRANCISCO, CA, 94103","-122.418602494007,37.768086302987",San Francisco County
A0294,178 Richdale Ave,Cambridge,MA,,1920,6,111,4-8-UNIT-APT,Cambridge Property Database FY2026 (waa7-ibdu),2026-10-01T22:50Z,Cambridge,"Cambridge, MA",MA > Cambridge,census_geocoder,0.98,Match,"178 RICHDALE AVE, CAMBRIDGE, MA, 02140","-71.126525304753,42.389122123461",Middlesex County
A0295,Harvard ST LOT 2A-13,Dorchester,MA,02124,2019,,A/125,SUBSD HOUSING S- 8,Boston Property Assessment FY2026,2026-10-01T22:50Z,Boston,"Boston, MA",MA > Boston,postal_city_fallback,0.85,No_Match,,,
A0296,83-85 MCWHORTER ST,Newark,NJ,07105,,,4C,4SB,NJOGIS Parcels & MOD-IV Composite,2026-10-01T22:50Z,Newark,"Newark, NJ",NJ > Newark,census_geocoder,0.98,Match,"85 MCWHORTER ST, NEWARK, NJ, 07105","-74.16622635068,40.730142326692",Essex County
A0297,211-213 SUMMER AVE,Newark,NJ,11205,,,4C,4SB,NJOGIS Parcels & MOD-IV Composite,2026-10-01T22:50Z,Newark,"Newark, NJ",NJ > Newark,census_geocoder,0.98,Match,"213 SUMMER AVE, NEWARK, NJ, 07104","-74.171685521994,40.758931675998",Essex County
A0298,361 Washington St,Cambridge,MA,,1900,6,111,4-8-UNIT-APT,Cambridge Property Database FY2026 (waa7-ibdu),2026-10-01T22:50Z,Cambridge,"Cambridge, MA",MA > Cambridge,census_geocoder,0.98,Match,"361 WASHINGTON ST, CAMBRIDGE, MA, 02139","-71.099392946846,42.365668497367",Middlesex County
A0299,1037 WASHINGTON ST,Hoboken,NJ,10994,,,4C,4B-8U-BA,NJOGIS Parcels & MOD-IV Composite,2026-10-01T22:50Z,Hoboken,"Hoboken, NJ",NJ > Hoboken,census_geocoder,0.98,Match,"1037 WASHINGTON ST, HOBOKEN, NJ, 07030","-74.027266530035,40.749050177411",Hudson County
A0300,36 Trowbridge St,Cambridge,MA,,1920,5,111,4-8-UNIT-APT,Cambridge Property Database FY2026 (waa7-ibdu),2026-10-01T22:50Z,Cambridge,"Cambridge, MA",MA > Cambridge,census_geocoder,0.98,Match,"36 TROWBRIDGE ST, CAMBRIDGE, MA, 02138","-71.111648701864,42.371850975157",Middlesex County
A0301,165 Hampshire St,Cambridge,MA,,1905,6,111,4-8-UNIT-APT,Cambridge Property Database FY2026 (waa7-ibdu),2026-10-01T22:50Z,Cambridge,"Cambridge, MA",MA > Cambridge,census_geocoder,0.98,Match,"165 HAMPSHIRE ST, CAMBRIDGE, MA, 02139","-71.098439445715,42.371842605201",Middlesex County
A0302,4-6 Clinton St,Cambridge,MA,,1900,8,111,4-8-UNIT-APT,Cambridge Property Database FY2026 (waa7-ibdu),2026-10-01T22:50Z,Cambridge,"Cambridge, MA",MA > Cambridge,census_geocoder,0.98,Match,"6 CLINTON ST, CAMBRIDGE, MA, 02139","-71.106823748323,42.367516001139",Middlesex County
A0303,188 E 35TH ST,Los Angeles,CA,90011,1909,10,0500,Five or more apartments,LA County eGIS parcels,2026-10-01T22:50Z,Los Angeles,"Los Angeles, CA",CA > Los Angeles,census_geocoder,0.98,Match,"188 E 35TH ST, LOS ANGELES, CA, 90011","-118.271171829397,34.016877079827",Los Angeles County
A0304,4541 HAMILTON ST,San Diego,CA,92116,,7,14,SANDAG asr_landuse 14-16 (5+ units),SANDAG/SanGIS parcels,2026-10-01T22:50Z,San Diego,"San Diego, CA",CA > San Diego,census_geocoder,0.98,Match,"4541 HAMILTON ST, SAN DIEGO, CA, 92116","-117.136296909949,32.759898286948",San Diego County
A0305,638 45TH AV,San Francisco,CA,,1908,5,A5,Apartment 5 to 14 Units,DataSF wv5m-vpq2 (2025 roll),2026-10-01T22:50Z,San Francisco,"San Francisco, CA",CA > San Francisco,census_geocoder,0.98,Match,"638 45TH AVE, SAN FRANCISCO, CA, 94121","-122.505895195699,37.776456954836",San Francisco County
A0306,335A Harvard St,Cambridge,MA,,1920,17,112,>8-UNIT-APT,Cambridge Property Database FY2026 (waa7-ibdu),2026-10-01T22:50Z,Cambridge,"Cambridge, MA",MA > Cambridge,census_geocoder,0.98,Match,"335A HARVARD ST, CAMBRIDGE, MA, 02139","-71.109090354517,42.370715584888",Middlesex County
A0307,294-296 VAN BUREN ST,Newark,NJ,07512,,,4C,3SB3UG,NJOGIS Parcels & MOD-IV Composite,2026-10-01T22:50Z,Newark,"Newark, NJ",NJ > Newark,census_geocoder,0.98,Match,"296 VAN BUREN ST, NEWARK, NJ, 07105","-74.16080945112,40.721814664163",Essex County
A0308,1032 HUDSON ST,Hoboken,NJ,07024,,,4C,5B-11U-H-BA-G,NJOGIS Parcels & MOD-IV Composite,2026-10-01T22:50Z,Hoboken,"Hoboken, NJ",NJ > Hoboken,census_geocoder,0.98,Match,"1032 HUDSON ST, HOBOKEN, NJ, 07030","-74.026323440877,40.748749351079",Hudson County
A0309,1706 N STANLEY AVE,Los Angeles,CA,90046,1951,6,0500,Five or more apartments,LA County eGIS parcels,2026-10-01T22:50Z,Los Angeles,"Los Angeles, CA",CA > Los Angeles,census_geocoder,0.98,Match,"1706 N STANLEY AVE, LOS ANGELES, CA, 90046","-118.356114053762,34.101835421105",Los Angeles County
A0310,53-55 Ashford ST,Allston,MA,02134,1900,,A/112,APT 7-30 UNITS,Boston Property Assessment FY2026,2026-10-01T22:50Z,Boston,"Boston, MA",MA > Boston,census_geocoder,0.98,Match,"55 ASHFORD ST, ALLSTON, MA, 02134","-71.126531334249,42.354497619427",Suffolk County
A0311,38-38- SOMME ST,Newark,NJ,07032,,,4C,2.5S.F.,NJOGIS Parcels & MOD-IV Composite,2026-10-01T22:50Z,Newark,"Newark, NJ",NJ > Newark,census_geocoder,0.98,Match,"38 SOMME ST, NEWARK, NJ, 07105","-74.150647497602,40.731405439225",Essex County
A0312,25 ORLANDO ST,Mattapan,MA,02126,1965,,A/125,SUBSD HOUSING S- 8,Boston Property Assessment FY2026,2026-10-01T22:50Z,Boston,"Boston, MA",MA > Boston,census_geocoder,0.98,Match,"25 ORLANDO ST, MATTAPAN, MA, 02126","-71.0991080589,42.274643004403",Suffolk County
A0313,317-319 W RUNYON ST,Newark,NJ,11205,,,4C,3SF,NJOGIS Parcels & MOD-IV Composite,2026-10-01T22:50Z,Newark,"Newark, NJ",NJ > Newark,census_geocoder,0.98,Match,"319 W RUNYON ST, NEWARK, NJ, 07108","-74.209161967359,40.719489638436",Essex County
A0314,6640 LELAND WAY,Los Angeles,CA,90028,1919,7,0500,Five or more apartments,LA County eGIS parcels,2026-10-01T22:50Z,Los Angeles,"Los Angeles, CA",CA > Los Angeles,census_geocoder,0.98,Match,"6640 LELAND WAY, LOS ANGELES, CA, 90028","-118.334062631211,34.096954047102",Los Angeles County
A0315,5233 CARTWRIGHT AVE,Los Angeles,CA,91601,1990,8,0500,Five or more apartments,LA County eGIS parcels,2026-10-01T22:50Z,Los Angeles,"Los Angeles, CA",CA > Los Angeles,census_geocoder,0.98,Match,"5233 CARTWRIGHT AVE, NORTH HOLLYWOOD, CA, 91601","-118.363242167449,34.165516896714",Los Angeles County
A0316,3978 FLORIDA ST,San Diego,CA,92104,,8,14,SANDAG asr_landuse 14-16 (5+ units),SANDAG/SanGIS parcels,2026-10-01T22:50Z,San Diego,"San Diego, CA",CA > San Diego,census_geocoder,0.98,Match,"3978 FLORIDA ST, SAN DIEGO, CA, 92104","-117.143805824838,32.749889290623",San Diego County
A0317,2233 CHANNING WAY,Berkeley,CA,94704,,,7700,Alameda County use code (5+ units),Alameda County parcels,2026-10-01T22:50Z,Berkeley,"Berkeley, CA",CA > Berkeley,census_geocoder,0.98,Match,"2233 CHANNING WAY, BERKELEY, CA, 94704","-122.264363578265,37.866269484742",Alameda County
A0318,2041 FRANCISCO ST,Berkeley,CA,94709,,,7700,Alameda County use code (5+ units),Alameda County parcels,2026-10-01T22:50Z,Berkeley,"Berkeley, CA",CA > Berkeley,census_geocoder,0.98,Match,"2041 FRANCISCO ST, BERKELEY, CA, 94709","-122.270236431385,37.875520264007",Alameda County
A0319,2315 GRANT ST,Berkeley,CA,94703,,,7700,Alameda County use code (5+ units),Alameda County parcels,2026-10-01T22:50Z,Berkeley,"Berkeley, CA",CA > Berkeley,census_geocoder,0.98,Match,"2315 GRANT ST, BERKELEY, CA, 94703","-122.27469711854,37.866407956138",Alameda County
A0320,408 MADISON ST,Hoboken,NJ,07030,,,4C,4F-6U,NJOGIS Parcels & MOD-IV Composite,2026-10-01T22:50Z,Hoboken,"Hoboken, NJ",NJ > Hoboken,census_geocoder,0.98,Match,"408 MADISON ST, HOBOKEN, NJ, 07030","-74.038062021201,40.742822649905",Hudson County
A0321,200 NUNDA AVE.,Jersey City,NJ,07306,,,4C,3S-F-D-7U-NH,NJOGIS Parcels & MOD-IV Composite,2026-10-01T22:50Z,Jersey City,"Jersey City, NJ",NJ > Jersey City,census_geocoder,0.98,Match,"200 NUNDA AVE, JERSEY CITY, NJ, 07306","-74.079221896001,40.729025280221",Hudson County
A0322,227 CYPRESS DR,San Ysidro,CA,92173,,31,15,SANDAG asr_landuse 14-16 (5+ units),SANDAG/SanGIS parcels,2026-10-01T22:50Z,San Diego,"San Diego, CA",CA > San Diego,census_geocoder,0.98,Match,"227 CYPRESS DR, SAN YSIDRO, CA, 92173","-117.045151967648,32.555470956839",San Diego County
A0323,4627 COMPTON AVE,Los Angeles,CA,90011,1907,5,0500,Five or more apartments,LA County eGIS parcels,2026-10-01T22:50Z,Los Angeles,"Los Angeles, CA",CA > Los Angeles,census_geocoder,0.98,Match,"4627 COMPTON AVE, LOS ANGELES, CA, 90011","-118.247839866285,34.001632563866",Los Angeles County
A0324,2003 FRANKLIN ST,San Francisco,CA,,1885,6,A5,Apartment 5 to 14 Units,DataSF wv5m-vpq2 (2025 roll),2026-10-01T22:50Z,San Francisco,"San Francisco, CA",CA > San Francisco,census_geocoder,0.98,Match,"2003 FRANKLIN ST, SAN FRANCISCO, CA, 94109","-122.424604033397,37.792904441436",San Francisco County
A0325,38A GAUTIER AVE.,Jersey City,NJ,07302,1925,,4C,4S-B-A-21U,NJOGIS Parcels & MOD-IV Composite,2026-10-01T22:50Z,Jersey City,"Jersey City, NJ",NJ > Jersey City,census_geocoder,0.98,Match,"38A GAUTIER AVE, JERSEY CITY, NJ, 07306","-74.079307176087,40.72613987341",Hudson County
A0326,46 JEFFERSON ST,Newark,NJ,07105,,,4C,4SB,NJOGIS Parcels & MOD-IV Composite,2026-10-01T22:50Z,Newark,"Newark, NJ",NJ > Newark,census_geocoder,0.98,Match,"46 JEFFERSON ST, NEWARK, NJ, 07105","-74.16011411828,40.731191686503",Essex County
A0327,1605 N MARTEL AVE,Los Angeles,CA,90046,1954,36,0501,Five or more apartments,LA County eGIS parcels,2026-10-01T22:50Z,Los Angeles,"Los Angeles, CA",CA > Los Angeles,census_geocoder,0.98,Match,"1605 N MARTEL AVE, LOS ANGELES, CA, 90046","-118.350240944927,34.099942749927",Los Angeles County
A0328,1845 08TH AV,San Francisco,CA,,1960,6,A5,Apartment 5 to 14 Units,DataSF wv5m-vpq2 (2025 roll),2026-10-01T22:50Z,San Francisco,"San Francisco, CA",CA > San Francisco,postal_city_fallback,0.85,No_Match,,,
A0329,51 MADISON ST,Newark,NJ,07105,,,4C,3SB,NJOGIS Parcels & MOD-IV Composite,2026-10-01T22:50Z,Newark,"Newark, NJ",NJ > Newark,census_geocoder,0.98,Match,"51 MADISON ST, NEWARK, NJ, 07105","-74.159407511479,40.730936900745",Essex County
A0330,5229 WILLOWCREST AVE,Los Angeles,CA,91601,2018,24,0500,Five or more apartments,LA County eGIS parcels,2026-10-01T22:50Z,Los Angeles,"Los Angeles, CA",CA > Los Angeles,census_geocoder,0.98,Match,"5229 WILLOWCREST AVE, NORTH HOLLYWOOD, CA, 91601","-118.362200030188,34.165448094429",Los Angeles County
A0331,342-344 IRVINE TURNER BLV,Newark,NJ,11219,1910,,4C,2.5SF4UG,NJOGIS Parcels & MOD-IV Composite,2026-10-01T22:50Z,Newark,"Newark, NJ",NJ > Newark,census_geocoder,0.98,Match,"344 IRVINE TURNER BLVD, NEWARK, NJ, 07108","-74.193318622525,40.722514194915",Essex County
A0332,26 SONOMA ST,Dorchester,MA,02121,,,A/125,SUBSD HOUSING S- 8,Boston Property Assessment FY2026,2026-10-01T22:50Z,Boston,"Boston, MA",MA > Boston,census_geocoder,0.98,Match,"26 SONOMA ST, DORCHESTER, MA, 02121","-71.086856518884,42.308190903587",Suffolk County
A0333,3752 33RD ST,San Diego,CA,92104,,8,14,SANDAG asr_landuse 14-16 (5+ units),SANDAG/SanGIS parcels,2026-10-01T22:50Z,San Diego,"San Diego, CA",CA > San Diego,census_geocoder,0.98,Match,"3752 33RD ST, SAN DIEGO, CA, 92104","-117.12293391208,32.746101678529",San Diego County
A0334,2025 FRANCISCO ST,Berkeley,CA,94709,,,7700,Alameda County use code (5+ units),Alameda County parcels,2026-10-01T22:50Z,Berkeley,"Berkeley, CA",CA > Berkeley,census_geocoder,0.98,Match,"2025 FRANCISCO ST, BERKELEY, CA, 94709","-122.270586610925,37.875475369217",Alameda County
A0335,125 BEMIS ST,San Francisco,CA,,1968,10,A5,Apartment 5 to 14 Units,DataSF wv5m-vpq2 (2025 roll),2026-10-01T22:50Z,San Francisco,"San Francisco, CA",CA > San Francisco,census_geocoder,0.98,Match,"125 BEMIS ST, SAN FRANCISCO, CA, 94131","-122.430367276697,37.737182683157",San Francisco County
A0336,151 North First St,Cambridge,MA,,2020,468,112,MXD >8-UNIT-APT,Cambridge Property Database FY2026 (waa7-ibdu),2026-10-01T22:50Z,Cambridge,"Cambridge, MA",MA > Cambridge,census_geocoder,0.98,Match,"151 N FIRST ST, CAMBRIDGE, MA, 02141","-71.075526736217,42.372482137906",Middlesex County
A0337,66 MONROE ST,Newark,NJ,07032,,,4C,4S.B,NJOGIS Parcels & MOD-IV Composite,2026-10-01T22:50Z,Newark,"Newark, NJ",NJ > Newark,census_geocoder,0.98,Match,"66 MONROE ST, NEWARK, NJ, 07105","-74.158991782803,40.730254220709",Essex County
A0338,521-523 S 17TH,Newark,NJ,07417,,,4C,3SF,NJOGIS Parcels & MOD-IV Composite,2026-10-01T22:50Z,Newark,"Newark, NJ",NJ > Newark,postal_city_fallback,0.85,No_Match,,,
A0339,124 Berkshire St,Cambridge,MA,,1920,8,111,4-8-UNIT-APT,Cambridge Property Database FY2026 (waa7-ibdu),2026-10-01T22:50Z,Cambridge,"Cambridge, MA",MA > Cambridge,census_geocoder,0.98,Match,"124 BERKSHIRE ST, CAMBRIDGE, MA, 02141","-71.090029432444,42.371616346646",Middlesex County
A0340,14735 ROSCOE BLVD,Los Angeles,CA,91402,1959,50,0500,Five or more apartments,LA County eGIS parcels,2026-10-01T22:50Z,Los Angeles,"Los Angeles, CA",CA > Los Angeles,census_geocoder,0.98,Match,"14735 ROSCOE BLVD, PANORAMA CITY, CA, 91402","-118.454598749429,34.22154746833",Los Angeles County
A0341,4225 50TH ST,San Diego,CA,92115,,6,14,SANDAG asr_landuse 14-16 (5+ units),SANDAG/SanGIS parcels,2026-10-01T22:50Z,San Diego,"San Diego, CA",CA > San Diego,census_geocoder,0.98,Match,"4225 50TH ST, SAN DIEGO, CA, 92115","-117.086787563421,32.753521698227",San Diego County
A0342,49 Roseland St,Cambridge,MA,,1910,6,111,4-8-UNIT-APT,Cambridge Property Database FY2026 (waa7-ibdu),2026-10-01T22:50Z,Cambridge,"Cambridge, MA",MA > Cambridge,census_geocoder,0.98,Match,"49 ROSELAND ST, CAMBRIDGE, MA, 02140","-71.116972926785,42.386748328179",Middlesex County
A0343,408-410 5TH ST,Newark,NJ,10997,,,4C,4SB,NJOGIS Parcels & MOD-IV Composite,2026-10-01T22:50Z,Newark,"Newark, NJ",NJ > Newark,postal_city_fallback,0.85,No_Match,,,
A0344,238 & 242 GARFIELD AVE.,Jersey City,NJ,07304,1928,,4C,4S-B-44U,NJOGIS Parcels & MOD-IV Composite,2026-10-01T22:50Z,Jersey City,"Jersey City, NJ",NJ > Jersey City,census_geocoder,0.98,Match,"242 GARFIELD AVE, JERSEY CITY, NJ, 07305","-74.091122112815,40.692246111645",Hudson County
A0345,153 W VERNON AVE,Los Angeles,CA,90037,1921,5,0500,Five or more apartments,LA County eGIS parcels,2026-10-01T22:50Z,Los Angeles,"Los Angeles, CA",CA > Los Angeles,census_geocoder,0.98,Match,"153 W VERNON AVE, LOS ANGELES, CA, 90037","-118.275158399166,34.003875826453",Los Angeles County
A0346,AUBURN DR,San Diego,CA,92105,,8,14,SANDAG asr_landuse 14-16 (5+ units),SANDAG/SanGIS parcels,2026-10-01T22:50Z,San Diego,"San Diego, CA",CA > San Diego,postal_city_fallback,0.85,No_Match,,,
A0347,2142 2ND AVE,San Diego,CA,92101,,9,14,SANDAG asr_landuse 14-16 (5+ units),SANDAG/SanGIS parcels,2026-10-01T22:50Z,San Diego,"San Diego, CA",CA > San Diego,census_geocoder,0.98,Match,"2142 2ND AVE, SAN DIEGO, CA, 92101","-117.163065698172,32.727653319366",San Diego County
A0348,229 CLINTON ST,Hoboken,NJ,08755,,,4C,4F-7U,NJOGIS Parcels & MOD-IV Composite,2026-10-01T22:50Z,Hoboken,"Hoboken, NJ",NJ > Hoboken,census_geocoder,0.98,Match,"229 CLINTON ST, HOBOKEN, NJ, 07030","-74.034849797859,40.739876679452",Hudson County
A0349,2400 DANA ST,Berkeley,CA,94704,,,7700,Alameda County use code (5+ units),Alameda County parcels,2026-10-01T22:50Z,Berkeley,"Berkeley, CA",CA > Berkeley,census_geocoder,0.98,Match,"2400 DANA ST, BERKELEY, CA, 94704","-122.261163802946,37.866568691092",Alameda County
A0350,1051 WEST SIDE AVE.,Jersey City,NJ,07446,1900,,4C,3S-B-D-6U-NH,NJOGIS Parcels & MOD-IV Composite,2026-10-01T22:50Z,Jersey City,"Jersey City, NJ",NJ > Jersey City,census_geocoder,0.98,Match,"1051 W SIDE AVE, JERSEY CITY, NJ, 07306","-74.070961149168,40.735168801416",Hudson County
A0351,628 HYDE ST,San Francisco,CA,,1907,7,A5,Apartment 5 to 14 Units,DataSF wv5m-vpq2 (2025 roll),2026-10-01T22:50Z,San Francisco,"San Francisco, CA",CA > San Francisco,census_geocoder,0.98,Match,"628 HYDE ST, SAN FRANCISCO, CA, 94109","-122.41643664948,37.786610489702",San Francisco County
A0352,40-42 MT PROSPECT AVE,Newark,NJ,07083,1900,,4C,3SB,NJOGIS Parcels & MOD-IV Composite,2026-10-01T22:50Z,Newark,"Newark, NJ",NJ > Newark,postal_city_fallback,0.85,Tie,,,
A0353,1044 E JEFFERSON BLVD,Los Angeles,CA,90011,,,0500,Five or more apartments,LA County eGIS parcels,2026-10-01T22:50Z,Los Angeles,"Los Angeles, CA",CA > Los Angeles,census_geocoder,0.98,Match,"1044 E JEFFERSON BLVD, LOS ANGELES, CA, 90011","-118.257806027731,34.012089330967",Los Angeles County
A0354,73 LUBEC ST,East Boston,MA,02128,1899,,A/112,APT 7-30 UNITS,Boston Property Assessment FY2026,2026-10-01T22:50Z,Boston,"Boston, MA",MA > Boston,census_geocoder,0.98,Match,"73 LUBEC ST, EAST BOSTON, MA, 02128","-71.033000779013,42.370721531914",Suffolk County
A0355,10701 AMESTOY AVE,Los Angeles,CA,91344,1986,7,0500,Five or more apartments,LA County eGIS parcels,2026-10-01T22:50Z,Los Angeles,"Los Angeles, CA",CA > Los Angeles,census_geocoder,0.98,Match,"10701 AMESTOY AVE, GRANADA HILLS, CA, 91344","-118.506705841287,34.264856666784",Los Angeles County
A0356,16 Brainerd RD,Allston,MA,02134,1930,,A/112,APT 7-30 UNITS,Boston Property Assessment FY2026,2026-10-01T22:50Z,Boston,"Boston, MA",MA > Boston,census_geocoder,0.98,Match,"16 BRAINERD RD, ALLSTON, MA, 02134","-71.130629546012,42.348858680092",Suffolk County
A0357,173 07TH ST,San Francisco,CA,,1997,29,A15,Apartment 15 Units or more,DataSF wv5m-vpq2 (2025 roll),2026-10-01T22:50Z,San Francisco,"San Francisco, CA",CA > San Francisco,postal_city_fallback,0.85,No_Match,,,
A0358,717 N 6TH ST,Newark,NJ,07110,,,4C,3SB-2UG,NJOGIS Parcels & MOD-IV Composite,2026-10-01T22:50Z,Newark,"Newark, NJ",NJ > Newark,census_geocoder,0.98,Match,"717 N 6TH ST, NEWARK, NJ, 07107","-74.179007529056,40.773922773441",Essex County
A0359,925 PARK AVE,Hoboken,NJ,07306,,,4C,5B-10U-H-BA,NJOGIS Parcels & MOD-IV Composite,2026-10-01T22:50Z,Hoboken,"Hoboken, NJ",NJ > Hoboken,census_geocoder,0.98,Match,"925 PARK AVE, HOBOKEN, NJ, 07030","-74.030402774821,40.748092459219",Hudson County
A0360,140 NEW YORK AVE.,Jersey City,NJ,10977,1924,,4C,3S-B-A-14U-H,NJOGIS Parcels & MOD-IV Composite,2026-10-01T22:50Z,Jersey City,"Jersey City, NJ",NJ > Jersey City,census_geocoder,0.98,Match,"140 NEW YORK AVE, JERSEY CITY, NJ, 07307","-74.047111900025,40.741104245751",Hudson County
A0361,15 Berkshire St,Cambridge,MA,,1915,6,111,4-8-UNIT-APT,Cambridge Property Database FY2026 (waa7-ibdu),2026-10-01T22:50Z,Cambridge,"Cambridge, MA",MA > Cambridge,census_geocoder,0.98,Match,"15 BERKSHIRE ST, CAMBRIDGE, MA, 02141","-71.092040596292,42.368426537915",Middlesex County
A0362,368 RIVERWAY ST,Boston,MA,02115,1920,,A/112,APT 7-30 UNITS,Boston Property Assessment FY2026,2026-10-01T22:50Z,Boston,"Boston, MA",MA > Boston,census_geocoder,0.98,Match,"368 RIVERWAY, BOSTON, MA, 02115","-71.110791246894,42.334291810524",Suffolk County
A0363,2451 SHATTUCK AVE,Berkeley,CA,94704,,,7700,Alameda County use code (5+ units),Alameda County parcels,2026-10-01T22:50Z,Berkeley,"Berkeley, CA",CA > Berkeley,census_geocoder,0.98,Match,"2451 SHATTUCK AVE, BERKELEY, CA, 94704","-122.267324831145,37.864690284096",Alameda County
A0364,125 03RD AV,San Francisco,CA,,1964,6,A5,Apartment 5 to 14 Units,DataSF wv5m-vpq2 (2025 roll),2026-10-01T22:50Z,San Francisco,"San Francisco, CA",CA > San Francisco,postal_city_fallback,0.85,No_Match,,,
A0365,3940 IDAHO ST,San Diego,CA,92104,,12,14,SANDAG asr_landuse 14-16 (5+ units),SANDAG/SanGIS parcels,2026-10-01T22:50Z,San Diego,"San Diego, CA",CA > San Diego,census_geocoder,0.98,Match,"3940 IDAHO ST, SAN DIEGO, CA, 92104","-117.13391504862,32.749235987165",San Diego County
A0366,230 Everett ST,East Boston,MA,02128,2024,,A/120,LUXURY APARTMENT,Boston Property Assessment FY2026,2026-10-01T22:50Z,Boston,"Boston, MA",MA > Boston,census_geocoder,0.98,Match,"230 EVERETT ST, EAST BOSTON, MA, 02128","-71.030306589214,42.365643672949",Suffolk County
A0367,219 S 35TH ST,San Diego,CA,92113,,7,14,SANDAG asr_landuse 14-16 (5+ units),SANDAG/SanGIS parcels,2026-10-01T22:50Z,San Diego,"San Diego, CA",CA > San Diego,census_geocoder,0.98,Match,"219 S 35TH ST, SAN DIEGO, CA, 92113","-117.118695602941,32.704217966085",San Diego County
A0368,1430 FRANCISCO ST,San Francisco,CA,,1926,12,A5,Apartment 5 to 14 Units,DataSF wv5m-vpq2 (2025 roll),2026-10-01T22:50Z,San Francisco,"San Francisco, CA",CA > San Francisco,census_geocoder,0.98,Match,"1430 FRANCISCO ST, SAN FRANCISCO, CA, 94123","-122.428752796943,37.802780409256",San Francisco County
A0369,3260 CALIFORNIA ST,Berkeley,CA,94703,,,7700,Alameda County use code (5+ units),Alameda County parcels,2026-10-01T22:50Z,Berkeley,"Berkeley, CA",CA > Berkeley,census_geocoder,0.98,Match,"3260 CALIFORNIA ST, BERKELEY, CA, 94703","-122.276013172823,37.848609498456",Alameda County
A0370,2222 TOBERMAN ST,Los Angeles,CA,90007,1924,6,0500,Five or more apartments,LA County eGIS parcels,2026-10-01T22:50Z,Los Angeles,"Los Angeles, CA",CA > Los Angeles,census_geocoder,0.98,Match,"2222 TOBERMAN ST, LOS ANGELES, CA, 90007","-118.281203744904,34.034721924415",Los Angeles County
A0371,76-80 BRUEN ST,Newark,NJ,07105,,,4C,USCB16UG,NJOGIS Parcels & MOD-IV Composite,2026-10-01T22:50Z,Newark,"Newark, NJ",NJ > Newark,census_geocoder,0.98,Match,"80 BRUEN ST, NEWARK, NJ, 07105","-74.166930355672,40.730337311596",Essex County
A0372,314 SEVENTH ST.,Jersey City,NJ,07302,,,4C,4S-B-D-7U-NH-G,NJOGIS Parcels & MOD-IV Composite,2026-10-01T22:50Z,Jersey City,"Jersey City, NJ",NJ > Jersey City,census_geocoder,0.98,Match,"314 7TH ST, JERSEY CITY, NJ, 07302","-74.047955557321,40.726486238182",Hudson County
A0373,1315 SPRUCE ST,Berkeley,CA,94709,,,7200,Alameda County use code (5+ units),Alameda County parcels,2026-10-01T22:50Z,Berkeley,"Berkeley, CA",CA > Berkeley,census_geocoder,0.98,Match,"1315 SPRUCE ST, BERKELEY, CA, 94709","-122.266249122343,37.883557224033",Alameda County
A0374,686 S ARDMORE AVE,Los Angeles,CA,90005,1990,15,0500,Five or more apartments,LA County eGIS parcels,2026-10-01T22:50Z,Los Angeles,"Los Angeles, CA",CA > Los Angeles,census_geocoder,0.98,Match,"686 S ARDMORE AVE, LOS ANGELES, CA, 90005","-118.301920522459,34.060247782434",Los Angeles County
A0375,1880 FULTON ST,San Francisco,CA,,1921,9,A5,Apartment 5 to 14 Units,DataSF wv5m-vpq2 (2025 roll),2026-10-01T22:50Z,San Francisco,"San Francisco, CA",CA > San Francisco,census_geocoder,0.98,Match,"1880 FULTON ST, SAN FRANCISCO, CA, 94117","-122.447766948778,37.775695071124",San Francisco County
A0376,ST JAMES ST,Roxbury,MA,02119,,,A/125,SUBSD HOUSING S- 8,Boston Property Assessment FY2026,2026-10-01T22:50Z,Boston,"Boston, MA",MA > Boston,postal_city_fallback,0.85,No_Match,,,
A0377,206 BLOOMFIELD ST,Hoboken,NJ,10003,,,4C,5B-14U-H-BA,NJOGIS Parcels & MOD-IV Composite,2026-10-01T22:50Z,Hoboken,"Hoboken, NJ",NJ > Hoboken,census_geocoder,0.98,Match,"206 BLOOMFIELD ST, HOBOKEN, NJ, 07030","-74.031363571985,40.738998730944",Hudson County
A0378,4053 IDAHO ST,San Diego,CA,92104,,9,14,SANDAG asr_landuse 14-16 (5+ units),SANDAG/SanGIS parcels,2026-10-01T22:50Z,San Diego,"San Diego, CA",CA > San Diego,census_geocoder,0.98,Match,"4053 IDAHO ST, SAN DIEGO, CA, 92104","-117.133775905803,32.751323560417",San Diego County
A0379,1336 BRUNNER ST,San Diego,CA,92110,,12,14,SANDAG asr_landuse 14-16 (5+ units),SANDAG/SanGIS parcels,2026-10-01T22:50Z,San Diego,"San Diego, CA",CA > San Diego,census_geocoder,0.98,Match,"1336 BRUNNER ST, SAN DIEGO, CA, 92110","-117.189895788824,32.769172247535",San Diego County
A0380,GREENVILLE ST,Roxbury,MA,02119,,,A/125,SUBSD HOUSING S- 8,Boston Property Assessment FY2026,2026-10-01T22:50Z,Boston,"Boston, MA",MA > Boston,postal_city_fallback,0.85,No_Match,,,
A0381,521-523 MARKET ST,Newark,NJ,07105,,,4C,3S.B.,NJOGIS Parcels & MOD-IV Composite,2026-10-01T22:50Z,Newark,"Newark, NJ",NJ > Newark,census_geocoder,0.98,Match,"523 MARKET ST, NEWARK, NJ, 07105","-74.155856508272,40.732015014036",Essex County
A0382,119 DAY ST,San Francisco,CA,,1964,10,A5,Apartment 5 to 14 Units,DataSF wv5m-vpq2 (2025 roll),2026-10-01T22:50Z,San Francisco,"San Francisco, CA",CA > San Francisco,census_geocoder,0.98,Match,"119 DAY ST, SAN FRANCISCO, CA, 94131","-122.425132126354,37.742927740317",San Francisco County
A0383,1908 CALIFORNIA ST,Berkeley,CA,94703,,,7700,Alameda County use code (5+ units),Alameda County parcels,2026-10-01T22:50Z,Berkeley,"Berkeley, CA",CA > Berkeley,census_geocoder,0.98,Match,"1908 CALIFORNIA ST, BERKELEY, CA, 94703","-122.280023113182,37.872036512971",Alameda County
A0384,21 GUERRERO ST,San Francisco,CA,,1925,7,A5,Apartment 5 to 14 Units,DataSF wv5m-vpq2 (2025 roll),2026-10-01T22:50Z,San Francisco,"San Francisco, CA",CA > San Francisco,postal_city_fallback,0.85,No_Match,,,
A0385,1059 UNION ST,San Francisco,CA,,1986,16,A15,Apartment 15 Units or more,DataSF wv5m-vpq2 (2025 roll),2026-10-01T22:50Z,San Francisco,"San Francisco, CA",CA > San Francisco,census_geocoder,0.98,Match,"1059 UNION ST, SAN FRANCISCO, CA, 94133","-122.416408067433,37.79947735291",San Francisco County
A0386,3654 ARIZONA ST,San Diego,CA,92104,,7,14,SANDAG asr_landuse 14-16 (5+ units),SANDAG/SanGIS parcels,2026-10-01T22:50Z,San Diego,"San Diego, CA",CA > San Diego,census_geocoder,0.98,Match,"3654 ARIZONA ST, SAN DIEGO, CA, 92104","-117.1379712012,32.744723856404",San Diego County
A0387,10303 CAMINITO ALVAREZ,San Diego,CA,92126,,152,16,SANDAG asr_landuse 14-16 (5+ units),SANDAG/SanGIS parcels,2026-10-01T22:50Z,San Diego,"San Diego, CA",CA > San Diego,census_geocoder,0.98,Match,"10303 CMT ALVAREZ, SAN DIEGO, CA, 92126","-117.169286391696,32.9053438981",San Diego County
A0388,157-155 CLERK ST.,Jersey City,NJ,07305,,,4C,3S-F-D-6U-H,NJOGIS Parcels & MOD-IV Composite,2026-10-01T22:50Z,Jersey City,"Jersey City, NJ",NJ > Jersey City,census_geocoder,0.98,Match,"155 CLERK ST, JERSEY CITY, NJ, 07305","-74.075725799324,40.708921674003",Hudson County
A0389,923 GARDEN ST,Hoboken,NJ,07068,,,4C,5B-10U-H-BA,NJOGIS Parcels & MOD-IV Composite,2026-10-01T22:50Z,Hoboken,"Hoboken, NJ",NJ > Hoboken,census_geocoder,0.98,Match,"923 GARDEN ST, HOBOKEN, NJ, 07030","-74.029472700113,40.747908908406",Hudson County
A0390,70 DARCY ST,Newark,NJ,07202,,,4C,3S.F.,NJOGIS Parcels & MOD-IV Composite,2026-10-01T22:50Z,Newark,"Newark, NJ",NJ > Newark,census_geocoder,0.98,Match,"70 DARCY ST, NEWARK, NJ, 07105","-74.149929644264,40.726005356196",Essex County
A0391,265 22ND ST,San Diego,CA,92102,,9,14,SANDAG asr_landuse 14-16 (5+ units),SANDAG/SanGIS parcels,2026-10-01T22:50Z,San Diego,"San Diego, CA",CA > San Diego,census_geocoder,0.98,Match,"265 22ND ST, SAN DIEGO, CA, 92102","-117.143904241304,32.707989329138",San Diego County
A0392,4545 N 39TH ST,San Diego,CA,92116,,7,14,SANDAG asr_landuse 14-16 (5+ units),SANDAG/SanGIS parcels,2026-10-01T22:50Z,San Diego,"San Diego, CA",CA > San Diego,census_geocoder,0.98,Match,"4545 39TH ST, SAN DIEGO, CA, 92116","-117.110733157421,32.759875365223",San Diego County
A0393,91 JORDAN AVE.,Jersey City,NJ,07081,,,4C,4S-BA-21U-H,NJOGIS Parcels & MOD-IV Composite,2026-10-01T22:50Z,Jersey City,"Jersey City, NJ",NJ > Jersey City,census_geocoder,0.98,Match,"91 JORDAN AVE, JERSEY CITY, NJ, 07306","-74.064895908212,40.72674257266",Hudson County
A0394,45 RAVINE AVE.,Jersey City,NJ,07302,1912,,4C,3S-B-A-13U-H,NJOGIS Parcels & MOD-IV Composite,2026-10-01T22:50Z,Jersey City,"Jersey City, NJ",NJ > Jersey City,census_geocoder,0.98,Match,"45 RAVINE AVE, JERSEY CITY, NJ, 07307","-74.049129869145,40.74028302667",Hudson County
A0395,1632 RUSSELL ST,Berkeley,CA,94703,,,7700,Alameda County use code (5+ units),Alameda County parcels,2026-10-01T22:50Z,Berkeley,"Berkeley, CA",CA > Berkeley,census_geocoder,0.98,Match,"1632 RUSSELL ST, BERKELEY, CA, 94703","-122.275797862561,37.85541480374",Alameda County
A0396,3244 CLAIREMONT DR,San Diego,CA,92117,,6,14,SANDAG asr_landuse 14-16 (5+ units),SANDAG/SanGIS parcels,2026-10-01T22:50Z,San Diego,"San Diego, CA",CA > San Diego,census_geocoder,0.98,Match,"3244 CLAIREMONT DR, SAN DIEGO, CA, 92117","-117.195770657922,32.800141615463",San Diego County
A0397,1677 BUSH ST,San Francisco,CA,,1900,21,A15,Apartment 15 Units or more,DataSF wv5m-vpq2 (2025 roll),2026-10-01T22:50Z,San Francisco,"San Francisco, CA",CA > San Francisco,census_geocoder,0.98,Match,"1677 BUSH ST, SAN FRANCISCO, CA, 94109","-122.424817163952,37.788065631555",San Francisco County
A0398,890 GREEN ST,San Francisco,CA,,1908,5,TIC,TIC Bldg 4 units or less,DataSF wv5m-vpq2 (2025 roll),2026-10-01T22:50Z,San Francisco,"San Francisco, CA",CA > San Francisco,census_geocoder,0.98,Match,"890 GREEN ST, SAN FRANCISCO, CA, 94133","-122.413748040152,37.798969157635",San Francisco County
A0399,227 WILLOW AVE,Hoboken,NJ,07643,,,4C,4B-9U,NJOGIS Parcels & MOD-IV Composite,2026-10-01T22:50Z,Hoboken,"Hoboken, NJ",NJ > Hoboken,census_geocoder,0.98,Match,"227 WILLOW AVE, HOBOKEN, NJ, 07030","-74.033923758593,40.739690854009",Hudson County
A0400,174 MT PROSPECT AVE,Newark,NJ,07107,,,4C,3SB,NJOGIS Parcels & MOD-IV Composite,2026-10-01T22:50Z,Newark,"Newark, NJ",NJ > Newark,postal_city_fallback,0.85,Tie,,,
A0401,257 14TH ST,San Francisco,CA,,1908,6,A5,Apartment 5 to 14 Units,DataSF wv5m-vpq2 (2025 roll),2026-10-01T22:50Z,San Francisco,"San Francisco, CA",CA > San Francisco,census_geocoder,0.98,Match,"257 14TH ST, SAN FRANCISCO, CA, 94103","-122.419001453676,37.768275245554",San Francisco County
A0402,2914 LARKIN ST,San Francisco,CA,,1900,5,F5,Flats 5 to 14 units,DataSF wv5m-vpq2 (2025 roll),2026-10-01T22:50Z,San Francisco,"San Francisco, CA",CA > San Francisco,census_geocoder,0.98,Match,"2914 LARKIN ST, SAN FRANCISCO, CA, 94109","-122.421779262494,37.804747750317",San Francisco County
A0403,45 Myrtle ST,Boston,MA,02114,1899,,A/125,SUBSD HOUSING S- 8,Boston Property Assessment FY2026,2026-10-01T22:50Z,Boston,"Boston, MA",MA > Boston,census_geocoder,0.98,Match,"45 MYRTLE ST, BOSTON, MA, 02114","-71.066075463637,42.359416672345",Suffolk County
A0404,240 BOWERS ST.,Jersey City,NJ,07603,1900,,4C,3S-F-D-8U-H,NJOGIS Parcels & MOD-IV Composite,2026-10-01T22:50Z,Jersey City,"Jersey City, NJ",NJ > Jersey City,census_geocoder,0.98,Match,"240 BOWERS ST, JERSEY CITY, NJ, 07307","-74.053172054328,40.749176716976",Hudson County
A0405,10214 FERNGLEN AVE,Los Angeles,CA,91042,2008,6,0500,Five or more apartments,LA County eGIS parcels,2026-10-01T22:50Z,Los Angeles,"Los Angeles, CA",CA > Los Angeles,census_geocoder,0.98,Match,"10214 FERNGLEN AVE, TUJUNGA, CA, 91042","-118.294269681844,34.254405539147",Los Angeles County
A0406,170 W Springfield ST,Boston,MA,02118,1899,,A/125,SUBSD HOUSING S- 8,Boston Property Assessment FY2026,2026-10-01T22:50Z,Boston,"Boston, MA",MA > Boston,census_geocoder,0.98,Match,"170 W SPRINGFIELD ST, BOSTON, MA, 02118","-71.079433474181,42.339468331482",Suffolk County
A0407,4188 GREENBUSH AVE,Los Angeles,CA,91423,1964,10,0500,Five or more apartments,LA County eGIS parcels,2026-10-01T22:50Z,Los Angeles,"Los Angeles, CA",CA > Los Angeles,census_geocoder,0.98,Match,"4188 GREENBUSH AVE, SHERMAN OAKS, CA, 91423","-118.426009923389,34.146796782796",Los Angeles County
A0408,14375 POLK ST,Los Angeles,CA,91342,1964,23,0500,Five or more apartments,LA County eGIS parcels,2026-10-01T22:50Z,Los Angeles,"Los Angeles, CA",CA > Los Angeles,census_geocoder,0.98,Match,"14375 POLK ST, SYLMAR, CA, 91342","-118.446247129705,34.310760350581",Los Angeles County
A0409,4428 GRESHAM ST,San Diego,CA,92109,,5,14,SANDAG asr_landuse 14-16 (5+ units),SANDAG/SanGIS parcels,2026-10-01T22:50Z,San Diego,"San Diego, CA",CA > San Diego,census_geocoder,0.98,Match,"4428 GRESHAM ST, SAN DIEGO, CA, 92109","-117.244179056101,32.79763108496",San Diego County
A0410,319 SUMMIT AVE.,Jersey City,NJ,07306,1920,,4C,4-S-BT-21U-H,NJOGIS Parcels & MOD-IV Composite,2026-10-01T22:50Z,Jersey City,"Jersey City, NJ",NJ > Jersey City,census_geocoder,0.98,Match,"319 SUMMIT AVE, JERSEY CITY, NJ, 07306","-74.064026798734,40.726387646101",Hudson County
A0411,1833 BERKELEY WAY,Berkeley,CA,94703,,,7200,Alameda County use code (5+ units),Alameda County parcels,2026-10-01T22:50Z,Berkeley,"Berkeley, CA",CA > Berkeley,census_geocoder,0.98,Match,"1833 BERKELEY WAY, BERKELEY, CA, 94703","-122.27465308516,37.87232876757",Alameda County
A0412,229-231 GRAFTON AVE,Newark,NJ,07003,,,4C,3SF,NJOGIS Parcels & MOD-IV Composite,2026-10-01T22:50Z,Newark,"Newark, NJ",NJ > Newark,census_geocoder,0.98,Match,"231 GRAFTON AVE, NEWARK, NJ, 07104","-74.167287967397,40.778250739849",Essex County
A0413,2209 GRAND AVE,San Diego,CA,92109,,8,14,SANDAG asr_landuse 14-16 (5+ units),SANDAG/SanGIS parcels,2026-10-01T22:50Z,San Diego,"San Diego, CA",CA > San Diego,census_geocoder,0.98,Match,"2209 GRAND AVE, SAN DIEGO, CA, 92109","-117.229073590912,32.800271149641",San Diego County
A0414,1987 CALIFORNIA ST,San Francisco,CA,,1922,9,A5,Apartment 5 to 14 Units,DataSF wv5m-vpq2 (2025 roll),2026-10-01T22:50Z,San Francisco,"San Francisco, CA",CA > San Francisco,census_geocoder,0.98,Match,"1987 CALIFORNIA ST, SAN FRANCISCO, CA, 94109","-122.426993113372,37.789718887946",San Francisco County
A0415,95 WAYNE ST.,Jersey City,NJ,07302,,,4C,4S-B-A-46U-H,NJOGIS Parcels & MOD-IV Composite,2026-10-01T22:50Z,Jersey City,"Jersey City, NJ",NJ > Jersey City,census_geocoder,0.98,Match,"95 WAYNE ST, JERSEY CITY, NJ, 07302","-74.046863038788,40.719860194431",Hudson County
A0416,882 PAVONIA AVE.,Jersey City,NJ,10281,,,4C,5S-BT-B-C-21U-H,NJOGIS Parcels & MOD-IV Composite,2026-10-01T22:50Z,Jersey City,"Jersey City, NJ",NJ > Jersey City,census_geocoder,0.98,Match,"882 PAVONIA AVE, JERSEY CITY, NJ, 07306","-74.069855824873,40.734106488592",Hudson County
A0417,4957 CAHUENGA BLVD,Los Angeles,CA,91601,,5,0500,Five or more apartments,LA County eGIS parcels,2026-10-01T22:50Z,Los Angeles,"Los Angeles, CA",CA > Los Angeles,census_geocoder,0.98,Match,"4957 CAHUENGA BLVD, NORTH HOLLYWOOD, CA, 91601","-118.361590637042,34.160498077424",Los Angeles County
A0418,221 SIP AVE.,Jersey City,NJ,07009,,,4C,3S-FD-12U-H,NJOGIS Parcels & MOD-IV Composite,2026-10-01T22:50Z,Jersey City,"Jersey City, NJ",NJ > Jersey City,census_geocoder,0.98,Match,"221 SIP AVE, JERSEY CITY, NJ, 07306","-74.070139397713,40.731794725913",Hudson County
A0419,1538 HENRY ST,Berkeley,CA,94709,,,7700,Alameda County use code (5+ units),Alameda County parcels,2026-10-01T22:50Z,Berkeley,"Berkeley, CA",CA > Berkeley,census_geocoder,0.98,Match,"1538 HENRY ST, BERKELEY, CA, 94709","-122.2705189327,37.879313015271",Alameda County
A0420,4419 CLEVELAND AVE,San Diego,CA,92116,,10,14,SANDAG asr_landuse 14-16 (5+ units),SANDAG/SanGIS parcels,2026-10-01T22:50Z,San Diego,"San Diego, CA",CA > San Diego,census_geocoder,0.98,Match,"4419 CLEVELAND AVE, SAN DIEGO, CA, 92116","-117.149951913385,32.757581273133",San Diego County
A0421,17106 CHATSWORTH ST   APT 0001,Los Angeles,CA,91344,1964,6,0500,Five or more apartments,LA County eGIS parcels,2026-10-01T22:50Z,Los Angeles,"Los Angeles, CA",CA > Los Angeles,census_geocoder,0.98,Match,"17106 CHATSWORTH ST, GRANADA HILLS, CA, 91344","-118.505814381942,34.264737200693",Los Angeles County
A0422,21-23 Marion St,Cambridge,MA,,1900,6,111,4-8-UNIT-APT,Cambridge Property Database FY2026 (waa7-ibdu),2026-10-01T22:50Z,Cambridge,"Cambridge, MA",MA > Cambridge,census_geocoder,0.98,Match,"23 MARION ST, CAMBRIDGE, MA, 02141","-71.088992232886,42.372408944103",Middlesex County
A0423,10 CAMELOT CT,Brighton,MA,02135,1965,,A/112,APT 7-30 UNITS,Boston Property Assessment FY2026,2026-10-01T22:50Z,Boston,"Boston, MA",MA > Boston,census_geocoder,0.98,Match,"10 CAMELOT CT, BRIGHTON, MA, 02135","-71.141330315148,42.349362810146",Suffolk County
A0424,208 JEFFERSON ST,Hoboken,NJ,07030,,,4C,4F-8U,NJOGIS Parcels & MOD-IV Composite,2026-10-01T22:50Z,Hoboken,"Hoboken, NJ",NJ > Hoboken,census_geocoder,0.98,Match,"208 JEFFERSON ST, HOBOKEN, NJ, 07030","-74.037883549718,40.740157173654",Hudson County
A0425,650 POST ST,San Francisco,CA,,1916,23,A15,Apartment 15 Units or more,DataSF wv5m-vpq2 (2025 roll),2026-10-01T22:50Z,San Francisco,"San Francisco, CA",CA > San Francisco,census_geocoder,0.98,Match,"650 POST ST, SAN FRANCISCO, CA, 94109","-122.412614041685,37.787814500247",San Francisco County
A0426,1307 COLUSA ST,San Diego,CA,92110,,12,14,SANDAG asr_landuse 14-16 (5+ units),SANDAG/SanGIS parcels,2026-10-01T22:50Z,San Diego,"San Diego, CA",CA > San Diego,census_geocoder,0.98,Match,"1307 COLUSA ST, SAN DIEGO, CA, 92110","-117.190773729749,32.768532440161",San Diego County
A0427,7665 FOUNTAIN AVE,Los Angeles,CA,90046,1986,15,0500,Five or more apartments,LA County eGIS parcels,2026-10-01T22:50Z,Los Angeles,"Los Angeles, CA",CA > Los Angeles,census_geocoder,0.98,Match,"7665 W FOUNTAIN AVE, LOS ANGELES, CA, 90046","-118.356732566622,34.094477803207",Los Angeles County
A0428,312-314 MT PROSPECT AVE,Newark,NJ,07109,,,4C,Apartments (class 4C),NJOGIS Parcels & MOD-IV Composite,2026-10-01T22:50Z,Newark,"Newark, NJ",NJ > Newark,postal_city_fallback,0.85,Tie,,,
A0429,12 BLACKWOOD ST,Boston,MA,02115,1899,,A/112,APT 7-30 UNITS,Boston Property Assessment FY2026,2026-10-01T22:50Z,Boston,"Boston, MA",MA > Boston,census_geocoder,0.98,Match,"12 BLACKWOOD ST, BOSTON, MA, 02115","-71.082683836307,42.34315888883",Suffolk County
A0430,1950 ADDISON ST,Berkeley,CA,94704,,,7800,Alameda County use code (5+ units),Alameda County parcels,2026-10-01T22:50Z,Berkeley,"Berkeley, CA",CA > Berkeley,census_geocoder,0.98,Match,"1950 ADDISON ST, BERKELEY, CA, 94704","-122.272637519825,37.870562012406",Alameda County
A0431,245 EUCLID AVE,San Diego,CA,92114,,5,14,SANDAG asr_landuse 14-16 (5+ units),SANDAG/SanGIS parcels,2026-10-01T22:50Z,San Diego,"San Diego, CA",CA > San Diego,census_geocoder,0.98,Match,"245 EUCLID AVE, SAN DIEGO, CA, 92114","-117.084936538347,32.706728960145",San Diego County
A0432,14605 RAYEN ST,Los Angeles,CA,91402,1978,23,0500,Five or more apartments,LA County eGIS parcels,2026-10-01T22:50Z,Los Angeles,"Los Angeles, CA",CA > Los Angeles,census_geocoder,0.98,Match,"14605 RAYEN ST, PANORAMA CITY, CA, 91402","-118.450479396041,34.231842925425",Los Angeles County
A0433,720 W 27TH ST,Los Angeles,CA,90007,1964,58,0501,Five or more apartments,LA County eGIS parcels,2026-10-01T22:50Z,Los Angeles,"Los Angeles, CA",CA > Los Angeles,census_geocoder,0.98,Match,"720 W 27TH ST, LOS ANGELES, CA, 90007","-118.278944633921,34.028044141305",Los Angeles County
A0434,1225 HYDE ST,San Francisco,CA,,1913,8,A5,Apartment 5 to 14 Units,DataSF wv5m-vpq2 (2025 roll),2026-10-01T22:50Z,San Francisco,"San Francisco, CA",CA > San Francisco,census_geocoder,0.98,Match,"1225 HYDE ST, SAN FRANCISCO, CA, 94109","-122.417712027591,37.792202707791",San Francisco County
A0435,310 MONROE ST,Hoboken,NJ,07632,,,4C,4B-8U-H,NJOGIS Parcels & MOD-IV Composite,2026-10-01T22:50Z,Hoboken,"Hoboken, NJ",NJ > Hoboken,census_geocoder,0.98,Match,"310 MONROE ST, HOBOKEN, NJ, 07030","-74.039361820557,40.741775604922",Hudson County
A0436,832 WILLOW AVE,Hoboken,NJ,07030,,,4C,5B-6B-25U-H-BA,NJOGIS Parcels & MOD-IV Composite,2026-10-01T22:50Z,Hoboken,"Hoboken, NJ",NJ > Hoboken,census_geocoder,0.98,Match,"832 WILLOW AVE, HOBOKEN, NJ, 07030","-74.031844915269,40.747085607112",Hudson County
A0437,2969 SAN MARINO ST,Los Angeles,CA,90006,2004,20,0500,Five or more apartments,LA County eGIS parcels,2026-10-01T22:50Z,Los Angeles,"Los Angeles, CA",CA > Los Angeles,census_geocoder,0.98,Match,"2969 SAN MARINO ST, LOS ANGELES, CA, 90006","-118.293871486247,34.05457350989",Los Angeles County
A0438,60-62 CAMBRIDGE AVE,Jersey City,NJ,07430,,,4C,3S-F-A-12U-H,NJOGIS Parcels & MOD-IV Composite,2026-10-01T22:50Z,Jersey City,"Jersey City, NJ",NJ > Jersey City,census_geocoder,0.98,Match,"62 CAMBRIDGE AVE, JERSEY CITY, NJ, 07307","-74.048682819823,40.744904276955",Hudson County
A0439,225 25TH AV,San Francisco,CA,,1988,7,A5,Apartment 5 to 14 Units,DataSF wv5m-vpq2 (2025 roll),2026-10-01T22:50Z,San Francisco,"San Francisco, CA",CA > San Francisco,census_geocoder,0.98,Match,"225 25TH AVE, SAN FRANCISCO, CA, 94121","-122.485184671551,37.78525700396",San Francisco County
A0440,4042 FULTON ST,San Francisco,CA,,1921,5,A5,Apartment 5 to 14 Units,DataSF wv5m-vpq2 (2025 roll),2026-10-01T22:50Z,San Francisco,"San Francisco, CA",CA > San Francisco,census_geocoder,0.98,Match,"4042 FULTON ST, SAN FRANCISCO, CA, 94118","-122.47502114247,37.773046725887",San Francisco County
A0441,4017 ILLINOIS ST,San Diego,CA,92104,,6,14,SANDAG asr_landuse 14-16 (5+ units),SANDAG/SanGIS parcels,2026-10-01T22:50Z,San Diego,"San Diego, CA",CA > San Diego,census_geocoder,0.98,Match,"4017 ILLINOIS ST, SAN DIEGO, CA, 92104","-117.127623761555,32.750692356257",San Diego County
A0442,7014 LANEWOOD AVE,Los Angeles,CA,90028,1986,18,0500,Five or more apartments,LA County eGIS parcels,2026-10-01T22:50Z,Los Angeles,"Los Angeles, CA",CA > Los Angeles,census_geocoder,0.98,Match,"7014 LANEWOOD AVE, LOS ANGELES, CA, 90028","-118.341876805569,34.099151448276",Los Angeles County
A0443,3526 FAIRMOUNT AVE,San Diego,CA,92105,,16,15,SANDAG asr_landuse 14-16 (5+ units),SANDAG/SanGIS parcels,2026-10-01T22:50Z,San Diego,"San Diego, CA",CA > San Diego,census_geocoder,0.98,Match,"3526 FAIRMOUNT AVE, SAN DIEGO, CA, 92105","-117.101032546312,32.742658851729",San Diego County
A0444,231 COMMONWEALTH AV,Boston,MA,02116,1899,,A/112,APT 7-30 UNITS,Boston Property Assessment FY2026,2026-10-01T22:50Z,Boston,"Boston, MA",MA > Boston,census_geocoder,0.98,Match,"231 COMMONWEALTH AVE, BOSTON, MA, 02116","-71.082259034359,42.351030509952",Suffolk County
A0445,8790 VAN NUYS BLVD,Los Angeles,CA,91402,1977,25,0500,Five or more apartments,LA County eGIS parcels,2026-10-01T22:50Z,Los Angeles,"Los Angeles, CA",CA > Los Angeles,census_geocoder,0.98,Match,"8790 VAN NUYS BLVD, PANORAMA CITY, CA, 91402","-118.450185423298,34.229751001698",Los Angeles County
A0446,610 COLUMBUS AV,Boston,MA,02118,1899,,A/112,APT 7-30 UNITS,Boston Property Assessment FY2026,2026-10-01T22:50Z,Boston,"Boston, MA",MA > Boston,census_geocoder,0.98,Match,"610 COLUMBUS AVE, BOSTON, MA, 02118","-71.083459763098,42.339112790328",Suffolk County
A0447,208 CLINTON ST,Hoboken,NJ,07030,,,4C,5B-35U-G,NJOGIS Parcels & MOD-IV Composite,2026-10-01T22:50Z,Hoboken,"Hoboken, NJ",NJ > Hoboken,census_geocoder,0.98,Match,"208 CLINTON ST, HOBOKEN, NJ, 07030","-74.035067789528,40.73966668696",Hudson County
A0448,151-153 LAFAYETTE ST,Newark,NJ,07105,,,4C,3SB,NJOGIS Parcels & MOD-IV Composite,2026-10-01T22:50Z,Newark,"Newark, NJ",NJ > Newark,census_geocoder,0.98,Match,"153 LAFAYETTE ST, NEWARK, NJ, 07105","-74.16637215896,40.730765527611",Essex County
A0449,338 CLINTON PL,Newark,NJ,08701,,,4C,3SB,NJOGIS Parcels & MOD-IV Composite,2026-10-01T22:50Z,Newark,"Newark, NJ",NJ > Newark,census_geocoder,0.98,Match,"338 CLINTON PL, NEWARK, NJ, 07112","-74.215190276398,40.712312782686",Essex County
A0450,94 NEPTUNE AVE.,Jersey City,NJ,11211,,,4C,3S-F-D-6U-NH,NJOGIS Parcels & MOD-IV Composite,2026-10-01T22:50Z,Jersey City,"Jersey City, NJ",NJ > Jersey City,census_geocoder,0.98,Match,"94 NEPTUNE AVE, JERSEY CITY, NJ, 07305","-74.094734510649,40.691942000511",Hudson County
A0451,7300 VALMONT ST,Los Angeles,CA,91042,1989,8,0500,Five or more apartments,LA County eGIS parcels,2026-10-01T22:50Z,Los Angeles,"Los Angeles, CA",CA > Los Angeles,census_geocoder,0.98,Match,"7300 VALMONT ST, TUJUNGA, CA, 91042","-118.291114794412,34.252257110602",Los Angeles County
A0452,1310 N LAS PALMAS AVE,Los Angeles,CA,90028,1952,8,0500,Five or more apartments,LA County eGIS parcels,2026-10-01T22:50Z,Los Angeles,"Los Angeles, CA",CA > Los Angeles,census_geocoder,0.98,Match,"1310 N LAS PALMAS AVE, LOS ANGELES, CA, 90028","-118.336242443207,34.094610686343",Los Angeles County
A0453,11 Carlisle St,Cambridge,MA,,1910,6,111,4-8-UNIT-APT,Cambridge Property Database FY2026 (waa7-ibdu),2026-10-01T22:50Z,Cambridge,"Cambridge, MA",MA > Cambridge,census_geocoder,0.98,Match,"11 CARLISLE ST, CAMBRIDGE, MA, 02139","-71.097785158487,42.372350092405",Middlesex County
A0454,8944 COLUMBUS AVE,Los Angeles,CA,91343,1959,6,0500,Five or more apartments,LA County eGIS parcels,2026-10-01T22:50Z,Los Angeles,"Los Angeles, CA",CA > Los Angeles,census_geocoder,0.98,Match,"8944 COLUMBUS AVE, NORTH HILLS, CA, 91343","-118.465331558771,34.232706363083",Los Angeles County
A0455,78 STEVENS AVE.,Jersey City,NJ,07108,,,4C,4S-B-A-17U-H,NJOGIS Parcels & MOD-IV Composite,2026-10-01T22:50Z,Jersey City,"Jersey City, NJ",NJ > Jersey City,census_geocoder,0.98,Match,"78 STEVENS AVE, JERSEY CITY, NJ, 07305","-74.087633111396,40.701284285212",Hudson County
A0456,2151 CHATSWORTH BLVD,San Diego,CA,92107,,17,15,SANDAG asr_landuse 14-16 (5+ units),SANDAG/SanGIS parcels,2026-10-01T22:50Z,San Diego,"San Diego, CA",CA > San Diego,census_geocoder,0.98,Match,"2151 CHATSWORTH BLVD, SAN DIEGO, CA, 92107","-117.228546774402,32.738822467011",San Diego County
A0457,1856 GREEN ST,San Francisco,CA,,1906,5,A5,Apartment 5 to 14 Units,DataSF wv5m-vpq2 (2025 roll),2026-10-01T22:50Z,San Francisco,"San Francisco, CA",CA > San Francisco,census_geocoder,0.98,Match,"1856 GREEN ST, SAN FRANCISCO, CA, 94123","-122.429684738163,37.796928164046",San Francisco County
A0458,1670 E 48TH PL,Los Angeles,CA,90011,1963,6,0500,Five or more apartments,LA County eGIS parcels,2026-10-01T22:50Z,Los Angeles,"Los Angeles, CA",CA > Los Angeles,census_geocoder,0.98,Match,"1670 E 48TH PL, LOS ANGELES, CA, 90011","-118.243996855675,33.999307703621",Los Angeles County
A0459,202 SOUTH ST.,Jersey City,NJ,07423,1915,,4C,3S-F-7U,NJOGIS Parcels & MOD-IV Composite,2026-10-01T22:50Z,Jersey City,"Jersey City, NJ",NJ > Jersey City,census_geocoder,0.98,Match,"202 SOUTH ST, JERSEY CITY, NJ, 07307","-74.051069939161,40.750737802252",Hudson County
A0460,223-229 SHEPHARD AVE,Newark,NJ,11204,,,4C,3SB,NJOGIS Parcels & MOD-IV Composite,2026-10-01T22:50Z,Newark,"Newark, NJ",NJ > Newark,census_geocoder,0.98,Match,"229 SHEPHARD AVE, NEWARK, NJ, 07112","-74.211611863532,40.712390393489",Essex County
A0461,735 11TH AV,San Francisco,CA,,1923,5,A5,Apartment 5 to 14 Units,DataSF wv5m-vpq2 (2025 roll),2026-10-01T22:50Z,San Francisco,"San Francisco, CA",CA > San Francisco,census_geocoder,0.98,Match,"735 11TH AVE, SAN FRANCISCO, CA, 94118","-122.469251256406,37.774456141897",San Francisco County
A0462,128 ST. PAULS AVE.,Jersey City,NJ,11211,1890,,4C,3S-F-D-6U,NJOGIS Parcels & MOD-IV Composite,2026-10-01T22:50Z,Jersey City,"Jersey City, NJ",NJ > Jersey City,census_geocoder,0.98,Match,"128 ST PAULS AVE, JERSEY CITY, NJ, 07306","-74.05676729519,40.736518619808",Hudson County
A0463,4 BEECHWOOD ST,Dorchester,MA,02121,2007,,A/125,SUBSD HOUSING S- 8,Boston Property Assessment FY2026,2026-10-01T22:50Z,Boston,"Boston, MA",MA > Boston,census_geocoder,0.98,Match,"4 BEECHWOOD ST, DORCHESTER, MA, 02121","-71.074772762892,42.30507257807",Suffolk County
A0464,2-98 DABNEY ST,Roxbury,MA,02119,1966,,A/125,SUBSD HOUSING S- 8,Boston Property Assessment FY2026,2026-10-01T22:50Z,Boston,"Boston, MA",MA > Boston,census_geocoder,0.98,Match,"98 DABNEY ST, ROXBURY, MA, 02119","-71.084731974369,42.324057161703",Suffolk County
A0465,141 Oxford St,Cambridge,MA,,1915,8,111,4-8-UNIT-APT,Cambridge Property Database FY2026 (waa7-ibdu),2026-10-01T22:50Z,Cambridge,"Cambridge, MA",MA > Cambridge,census_geocoder,0.98,Match,"141 OXFORD ST, CAMBRIDGE, MA, 02140","-71.116210705332,42.385287646163",Middlesex County
A0466,115 NORWAY ST,Boston,MA,02115,1920,,A/112,APT 7-30 UNITS,Boston Property Assessment FY2026,2026-10-01T22:50Z,Boston,"Boston, MA",MA > Boston,census_geocoder,0.98,Match,"115 NORWAY ST, BOSTON, MA, 02115","-71.088829313111,42.345351761852",Suffolk County
A0467,24 ST ALBANS RD,Boston,MA,02115,1923,,A/125,SUBSD HOUSING S- 8,Boston Property Assessment FY2026,2026-10-01T22:50Z,Boston,"Boston, MA",MA > Boston,census_geocoder,0.98,Match,"24 ST ALBANS RD, BOSTON, MA, 02115","-71.106997184859,42.333878417918",Suffolk County
A0468,13 Shepard St,Cambridge,MA,,1910,6,111,4-8-UNIT-APT,Cambridge Property Database FY2026 (waa7-ibdu),2026-10-01T22:50Z,Cambridge,"Cambridge, MA",MA > Cambridge,census_geocoder,0.98,Match,"13 SHEPARD ST, CAMBRIDGE, MA, 02138","-71.121015754447,42.381661514871",Middlesex County
A0469,2701 SHATTUCK AVE,Berkeley,CA,94705,,,7700,Alameda County use code (5+ units),Alameda County parcels,2026-10-01T22:50Z,Berkeley,"Berkeley, CA",CA > Berkeley,census_geocoder,0.98,Match,"2701 SHATTUCK AVE, BERKELEY, CA, 94705","-122.266948509568,37.860021095027",Alameda County
A0470,1919 CURTIS ST,Berkeley,CA,94702,,,7700,Alameda County use code (5+ units),Alameda County parcels,2026-10-01T22:50Z,Berkeley,"Berkeley, CA",CA > Berkeley,census_geocoder,0.98,Match,"1919 CURTIS ST, BERKELEY, CA, 94702","-122.289620577483,37.870650504933",Alameda County
A0471,332-334 GARDEN ST,Hoboken,NJ,07604,,,4C,4 1/2B-10U-BA,NJOGIS Parcels & MOD-IV Composite,2026-10-01T22:50Z,Hoboken,"Hoboken, NJ",NJ > Hoboken,census_geocoder,0.98,Match,"334 GARDEN ST, HOBOKEN, NJ, 07030","-74.031817207369,40.74074767044",Hudson County
A0472,321 WILLOW AVE,Hoboken,NJ,07030,,,4C,5B-12U-BA,NJOGIS Parcels & MOD-IV Composite,2026-10-01T22:50Z,Hoboken,"Hoboken, NJ",NJ > Hoboken,census_geocoder,0.98,Match,"321 WILLOW AVE, HOBOKEN, NJ, 07030","-74.033572724402,40.740882326316",Hudson County
A0473,20 Phillips ST,Boston,MA,02114,1899,,A/112,APT 7-30 UNITS,Boston Property Assessment FY2026,2026-10-01T22:50Z,Boston,"Boston, MA",MA > Boston,census_geocoder,0.98,Match,"20 PHILLIPS ST, BOSTON, MA, 02114","-71.067296757754,42.360298905905",Suffolk County
A0474,3438 MCKINLEY AVE,Los Angeles,CA,90011,1928,8,0500,Five or more apartments,LA County eGIS parcels,2026-10-01T22:50Z,Los Angeles,"Los Angeles, CA",CA > Los Angeles,census_geocoder,0.98,Match,"3438 MCKINLEY AVE, LOS ANGELES, CA, 90011","-118.260382953065,34.012650923784",Los Angeles County
A0475,361 FIRST ST,Hoboken,NJ,07030,,,4C,4B-7U-H,NJOGIS Parcels & MOD-IV Composite,2026-10-01T22:50Z,Hoboken,"Hoboken, NJ",NJ > Hoboken,census_geocoder,0.98,Match,"361 1ST ST, HOBOKEN, NJ, 07030","-74.035828506414,40.73824152843",Hudson County
A0476,26-28 COTTAGE ST,Newark,NJ,07840,,,4C,2SF2UG,NJOGIS Parcels & MOD-IV Composite,2026-10-01T22:50Z,Newark,"Newark, NJ",NJ > Newark,census_geocoder,0.98,Match,"28 COTTAGE ST, NEWARK, NJ, 07102","-74.171964638319,40.728822422354",Essex County
A0477,2250 MISSION ST,San Francisco,CA,,1975,19,A15,Apartment 15 Units or more,DataSF wv5m-vpq2 (2025 roll),2026-10-01T22:50Z,San Francisco,"San Francisco, CA",CA > San Francisco,census_geocoder,0.98,Match,"2250 MISSION ST, SAN FRANCISCO, CA, 94110","-122.419353294864,37.761016013708",San Francisco County
A0478,3860 CHEROKEE AVE,San Diego,CA,92104,,9,14,SANDAG asr_landuse 14-16 (5+ units),SANDAG/SanGIS parcels,2026-10-01T22:50Z,San Diego,"San Diego, CA",CA > San Diego,census_geocoder,0.98,Match,"3860 CHEROKEE AVE, SAN DIEGO, CA, 92104","-117.114420057856,32.748446614415",San Diego County
A0479,12948 MOORPARK ST,Los Angeles,CA,91604,1990,8,0500,Five or more apartments,LA County eGIS parcels,2026-10-01T22:50Z,Los Angeles,"Los Angeles, CA",CA > Los Angeles,census_geocoder,0.98,Match,"12948 MOORPARK ST, STUDIO CITY, CA, 91604","-118.415275590675,34.150301392175",Los Angeles County
A0480,4046 N 43RD ST,San Diego,CA,92105,,11,14,SANDAG asr_landuse 14-16 (5+ units),SANDAG/SanGIS parcels,2026-10-01T22:50Z,San Diego,"San Diego, CA",CA > San Diego,census_geocoder,0.98,Match,"4046 43RD ST, SAN DIEGO, CA, 92105","-117.102033252477,32.750481775488",San Diego County
A0481,536 LEAVENWORTH ST,San Francisco,CA,,1925,63,A15,Apartment 15 Units or more,DataSF wv5m-vpq2 (2025 roll),2026-10-01T22:50Z,San Francisco,"San Francisco, CA",CA > San Francisco,census_geocoder,0.98,Match,"536 LEAVENWORTH ST, SAN FRANCISCO, CA, 94109","-122.414634028725,37.786028326648",San Francisco County
A0482,101 CLIFTON PL.,Jersey City,NJ,10982,,,4C,4S-B-A-25U-H,NJOGIS Parcels & MOD-IV Composite,2026-10-01T22:50Z,Jersey City,"Jersey City, NJ",NJ > Jersey City,census_geocoder,0.98,Match,"101 CLIFTON PL, JERSEY CITY, NJ, 07304","-74.06487503221,40.721027897402",Hudson County
A0483,1580 MARKET ST,San Francisco,CA,,1917,72,A15,Apartment 15 Units or more,DataSF wv5m-vpq2 (2025 roll),2026-10-01T22:50Z,San Francisco,"San Francisco, CA",CA > San Francisco,census_geocoder,0.98,Match,"1580 MARKET ST, SAN FRANCISCO, CA, 94102","-122.420119239496,37.774588554781",San Francisco County
A0484,1801 08TH AV,San Francisco,CA,,1948,5,A5,Apartment 5 to 14 Units,DataSF wv5m-vpq2 (2025 roll),2026-10-01T22:50Z,San Francisco,"San Francisco, CA",CA > San Francisco,postal_city_fallback,0.85,No_Match,,,
A0485,296-302 Western Ave,Cambridge,MA,,1920,6,111,4-8-UNIT-APT,Cambridge Property Database FY2026 (waa7-ibdu),2026-10-01T22:50Z,Cambridge,"Cambridge, MA",MA > Cambridge,census_geocoder,0.98,Match,"302 WESTERN AVE, CAMBRIDGE, MA, 02139","-71.112809787533,42.364518126675",Middlesex County
A0486,2280 MISSION ST,San Francisco,CA,,1910,9,A5,Apartment 5 to 14 Units,DataSF wv5m-vpq2 (2025 roll),2026-10-01T22:50Z,San Francisco,"San Francisco, CA",CA > San Francisco,census_geocoder,0.98,Match,"2280 MISSION ST, SAN FRANCISCO, CA, 94110","-122.419309809634,37.760560895514",San Francisco County
A0487,2118 FILLMORE ST,San Francisco,CA,,1900,11,A5,Apartment 5 to 14 Units,DataSF wv5m-vpq2 (2025 roll),2026-10-01T22:50Z,San Francisco,"San Francisco, CA",CA > San Francisco,census_geocoder,0.98,Match,"2118 FILLMORE ST, SAN FRANCISCO, CA, 94115","-122.433810595937,37.789124926129",San Francisco County
A0488,197 BEACON ST,Boston,MA,02116,1900,,A/112,APT 7-30 UNITS,Boston Property Assessment FY2026,2026-10-01T22:50Z,Boston,"Boston, MA",MA > Boston,census_geocoder,0.98,Match,"197 BEACON ST, BOSTON, MA, 02116","-71.076768182377,42.354230756113",Suffolk County
A0489,204 GRAND ST,Hoboken,NJ,06901,2000,,4C,6B-30U-G,NJOGIS Parcels & MOD-IV Composite,2026-10-01T22:50Z,Hoboken,"Hoboken, NJ",NJ > Hoboken,census_geocoder,0.98,Match,"204 GRAND ST, HOBOKEN, NJ, 07030","-74.036041272823,40.739786868515",Hudson County
A0490,526 ADAMS ST,Hoboken,NJ,07030,,,4C,4F-8U-C/3F-2U,NJOGIS Parcels & MOD-IV Composite,2026-10-01T22:50Z,Hoboken,"Hoboken, NJ",NJ > Hoboken,census_geocoder,0.98,Match,"526 ADAMS ST, HOBOKEN, NJ, 07030","-74.035830171347,40.743676400471",Hudson County
A0491,37 IRVING ST,Newark,NJ,07104,,,4C,3SF,NJOGIS Parcels & MOD-IV Composite,2026-10-01T22:50Z,Newark,"Newark, NJ",NJ > Newark,census_geocoder,0.98,Match,"37 IRVING ST, NEWARK, NJ, 07104","-74.158667478138,40.778727063623",Essex County
A0492,800 S HARVARD BLVD,Los Angeles,CA,90005,2019,131,0551,Five or more apartments,LA County eGIS parcels,2026-10-01T22:50Z,Los Angeles,"Los Angeles, CA",CA > Los Angeles,census_geocoder,0.98,Match,"800 S HARVARD BLVD, LOS ANGELES, CA, 90005","-118.304091662787,34.057623861111",Los Angeles County
A0493,4450 GEARY BL,San Francisco,CA,,1916,10,A5,Apartment 5 to 14 Units,DataSF wv5m-vpq2 (2025 roll),2026-10-01T22:50Z,San Francisco,"San Francisco, CA",CA > San Francisco,census_geocoder,0.98,Match,"4450 GEARY BLVD, SAN FRANCISCO, CA, 94118","-122.466976349979,37.781029854011",San Francisco County
A0494,2641 FRANKLIN ST,San Francisco,CA,,1923,6,A5,Apartment 5 to 14 Units,DataSF wv5m-vpq2 (2025 roll),2026-10-01T22:50Z,San Francisco,"San Francisco, CA",CA > San Francisco,census_geocoder,0.98,Match,"2641 FRANKLIN ST, SAN FRANCISCO, CA, 94123","-122.425776460433,37.798725772954",San Francisco County
A0495,230 VAN HORNE ST.,Jersey City,NJ,11219,1895,,4C,3S-B-D-6U-NH,NJOGIS Parcels & MOD-IV Composite,2026-10-01T22:50Z,Jersey City,"Jersey City, NJ",NJ > Jersey City,census_geocoder,0.98,Match,"230 VAN HORNE ST, JERSEY CITY, NJ, 07304","-74.063078920845,40.713022199008",Hudson County
A0496,512 32ND ST,San Diego,CA,92102,,8,14,SANDAG asr_landuse 14-16 (5+ units),SANDAG/SanGIS parcels,2026-10-01T22:50Z,San Diego,"San Diego, CA",CA > San Diego,census_geocoder,0.98,Match,"512 32ND ST, SAN DIEGO, CA, 92102","-117.125336741291,32.710782090084",San Diego County
A0497,3750 29TH ST,San Diego,CA,92104,,5,14,SANDAG asr_landuse 14-16 (5+ units),SANDAG/SanGIS parcels,2026-10-01T22:50Z,San Diego,"San Diego, CA",CA > San Diego,census_geocoder,0.98,Match,"3750 29TH ST, SAN DIEGO, CA, 92104","-117.131053086987,32.74637529596",San Diego County
A0498,684-686 SUMMER AVE,Newark,NJ,07644,,,4C,3SB,NJOGIS Parcels & MOD-IV Composite,2026-10-01T22:50Z,Newark,"Newark, NJ",NJ > Newark,census_geocoder,0.98,Match,"686 SUMMER AVE, NEWARK, NJ, 07104","-74.163386701052,40.775387981092",Essex County
A0499,8519 WILLIS AVE,Los Angeles,CA,91402,1962,33,0501,Five or more apartments,LA County eGIS parcels,2026-10-01T22:50Z,Los Angeles,"Los Angeles, CA",CA > Los Angeles,census_geocoder,0.98,Match,"8519 WILLIS AVE, PANORAMA CITY, CA, 91402","-118.455356959313,34.225076986186",Los Angeles County
A0500,8811 BURNET AVE,Los Angeles,CA,91343,1954,36,0500,Five or more apartments,LA County eGIS parcels,2026-10-01T22:50Z,Los Angeles,"Los Angeles, CA",CA > Los Angeles,census_geocoder,0.98,Match,"8811 BURNET AVE, NORTH HILLS, CA, 91343","-118.463342888059,34.230253637086",Los Angeles County
